CID,PC1,PC2,PC3,PC4,PC5,PC6,PC7,PC8,PC9,PC10,PC11,PC12,PC13,PC14,PC15,PC16,PC17,PC18,PC19,PC20
58,-14.145348741733224,-12.780753986947053,20.340662515995696,11.371538443677538,-12.01522750108066,-1.3430320016149722,8.757405619116986,-7.160738493444987,3.8642057430743177,-1.3406014011329153,5.857411103433295,-0.16910708728043292,3.2305699986176855,-2.8413652199746,-3.3145762886337664,-4.458075038468271,3.861131364337934,-0.232519989842241,-2.5977155554374285,0.7925105439536667
126,-15.881720777773701,-19.28080919583011,-7.893226714019468,8.905183935921539,4.142534101850543,4.31572653971047,-6.117629801864403,-18.230844884555275,-11.595901972563594,-13.498441896614768,-8.269243884946915,11.741337792457163,3.712495505973968,-22.27915245297788,11.173648237776414,3.5703844224887638,14.253623890836462,-11.929186911417004,-14.426476556152872,-9.880367200770907
176,-0.6232939339656848,-26.12689824614711,-2.7973046071974004,-4.773564675327323,-5.112145463230565,-1.2132415665203873,-7.729151009454568,0.11827212516640623,11.359715312182505,-1.2920667908995906,0.4815952862237355,2.4620580516973636,3.9412057774596714,2.662111175596806,-1.732425223177739,-0.17568656456066042,4.6317279487324505,0.01813822745523871,2.2962044084633155,-1.1745952042565049
179,9.601847072993259,13.849750843635883,19.788686795088246,-8.533333633537925,-1.709614547827346,-9.12477605101303,-2.114569723630311,5.2982712797267455,-3.493267314762415,-1.2882660897394194,0.9892566635714808,-0.17544669207740263,3.967376464439746,0.13466661034716013,4.192782914234089,4.208364078914536,-3.7304667745862203,-0.6814670309715641,-5.377061332897056,-1.448755134643222
180,12.103838868404768,4.462938510097762,11.794070293283612,-3.575246028068629,-3.731978667378223,-8.498155326744964,-0.9560988145830399,2.5567770541262473,-2.3822684924195707,-1.9060104049866085,0.8200717402628321,-3.854795675464358,1.0409779597108635,-2.3710515048633094,1.252129777356284,0.4205793022098074,-2.4405969361928146,2.4874353294331333,-2.1414033480328363,-0.20895475496743546
240,25.316844808880763,-12.927460122836838,2.6632507598848325,19.17304963708063,3.1548749810626915,2.0328354645294513,2.6953960336327114,1.9725646580971017,-5.606535581135366,-5.781539603466226,0.6739308816566785,-2.7851179198606264,0.5095159503298341,-0.835473734322294,1.2326493801110712,1.1980537310714046,2.209977583844547,-0.5663491150550546,3.6866492669055684,1.161162654172416
244,-4.323998459876735,-27.81399982636328,6.454913675623905,5.46709919077195,6.621483700052554,4.536867561055161,4.411801045008856,-1.6183158293228723,-2.6331256721456917,-1.443432719766967,-4.676594827747598,-0.22931610459089707,6.844420540552868,-4.2094076559796365,-0.7180491168863982,-4.760932519956558,-0.05209388398950761,3.911975647218635,4.134780733478913,3.86711617390694
261,-22.193723053063426,-14.193406470931981,4.781281588819246,-8.13270231607385,-4.552304111303371,11.436923017151653,-8.564523033342436,-7.9027482492311725,1.3364637627092186,5.484656053477603,8.540083745928008,5.034669533616683,-3.824529217772556,3.0221939134025826,3.3173399493923794,7.807112589912293,7.429445307597158,1.9999294967493964,0.33897983888005806,-0.04227301431810853
263,16.488366378626473,1.9783483381422575,12.23885336621945,4.326146046986158,2.2676256976002094,-3.276349713947539,-2.16391025227959,3.1231827589418852,-1.874971389402637,0.9199996267791487,1.0840535245353857,3.987497344551116,-8.101583970798192,-2.0808345444440226,-2.207577338586369,-0.5571828087279204,-0.015419178343688346,0.6703220710376797,0.6106774791980817,-1.8007534809611045
264,-16.433750970143404,-20.404879265380803,15.002130495476157,6.2244327080935475,-9.483928956205478,2.7611201947750135,10.428316080499703,-3.2319367631861966,1.6801594178537682,-0.36744753844301076,3.2037600139661024,0.39800996771039093,-1.0169551482624273,0.4103130976828962,-3.849669374791735,-2.645495883720688,0.8558159610920851,-0.8323653407711147,2.167081258529606,-2.9686026587554806
284,-17.736729290644426,-13.70653166762998,10.898230354235485,6.031222719953738,-5.963371776329476,1.1088710338813974,2.307286885065459,-9.266583882511128,-3.4800162426352905,1.399062889413089,4.117619234423049,-6.902130377934778,2.128168970069209,-2.5924921958041347,-3.57465059623169,-7.840322851168198,2.355749419853267,9.877829820144091,-3.3949264453780756,-0.41320759971287
356,-1.3862185716642326,30.489849110113536,-13.170423000217927,1.1067515119061269,-0.5519122779070402,-2.1776082690627088,-0.16640355614012778,-1.7605580383970643,0.49648613720542983,-0.7018045481837025,-1.3622082562738838,-2.528781244196739,5.134458574111951,-1.2688774369486508,-0.9751824461076749,3.0506514418046287,0.056925272025604455,0.5054100046731269,-0.2983911804945161,4.202516780975673
379,-15.209540260565541,-10.857993230193143,15.746427196945081,14.521439357599284,2.19063812956371,4.938868236938005,2.9265280018762625,-0.8037710449295,-2.550555249253674,6.748557412232581,3.6108047139270423,-3.958943743115455,-2.7453473771835077,5.038507841751976,-2.8064639253030843,-0.07679383124926885,3.0564164656712998,-6.178732980828555,0.9652493911748078,0.7724193395995088
454,-31.139320865145283,13.814725090835312,-19.336005849758482,22.505985740710482,-1.9374539782979314,9.360056599123677,-0.5024267354061339,-2.4165601049377035,-7.130352913790566,8.581698849719816,5.695645492176635,-4.860076669747921,1.182556147812248,1.9907827964790452,-1.2393603265445674,0.4089483032250071,0.029479826561153315,-2.1715619064122724,-0.7048606071824155,1.8608463979082335
460,-7.030689412168346,-29.588232233427902,-5.707750824502744,18.916474785962723,-2.127776499890395,7.0135268853659385,-9.064321575442507,-11.602560466145093,-9.490985915608677,-22.51313712007721,-6.285356177323206,10.227153028511312,-0.5459174626701632,-17.229434380571785,8.712976387970693,7.0083669812869775,14.11631066005278,-9.998230882596703,-8.179715311020582,-0.584875084385748
527,-15.422097730694423,-23.866121788378297,4.145097134364177,0.9803514509724974,-10.888470654502552,8.904064296438731,-7.437134757666843,-0.6707018888040236,-0.7591313208625474,1.208255439918317,7.15238255144332,4.4876912544677,-3.258081196937227,5.449009908976052,-0.10738410414834323,7.791389230926901,8.350922842766616,0.6790416580831203,4.143168561145891,-6.417025347497556
568,-1.7574832665163864,-19.05556772550369,-3.515966921467017,-17.957705307389315,-5.9248582405734895,-10.9902257130424,-15.626505143225405,-0.7651987306626139,-1.4885278456429507,-1.2103155987539151,5.444774301968612,-9.741162133759675,9.172706080813056,-13.253198854879892,7.59329269857547,-19.682149914905953,-8.435279321922483,-4.453204850325842,8.560464553174318,-6.129043804581021
650,-6.043283218698466,6.117092662246543,22.407772408730185,-11.970582972367854,-3.595351040744011,-12.125711996985633,-8.3470036478369,10.54168889799808,4.252510620781622,-5.493107754817525,0.18865124379850268,-1.3713182420091732,-0.24567457096617673,-1.7244929632032535,2.4309924781471914,4.949888023135943,0.540094608178689,-4.349532323731247,0.5736252382665046,3.4093113316128814
702,-19.533361133635857,-24.185916051872027,-0.6793543563509443,1.4469185563811817,-7.697854459914237,-2.138968868808128,-0.8580301050949942,12.683465526515642,4.9427627520451525,-6.470477997290995,1.6723157537678732,-5.686566030405125,7.25095640136629,-4.563812998530908,-4.078954491143649,-6.849268320096973,4.752055198633086,10.106986952849931,-2.1776631308196412,4.9082555665310625
887,-14.754118721664343,-15.32867802643436,-1.7948612457308954,-5.972142125257763,-3.598774903064279,-4.37654405620658,6.065494903992041,-1.4847028570607503,2.3051058962181443,0.9914187427112108,-5.203570243502159,0.6431612133134825,-2.961849356685706,-7.562990658050974,-0.6512903249674603,-1.1856692862024119,-6.071321039605233,25.127302734013504,16.995099996610353,-19.129318558876285
931,-12.264744619305208,-9.59096563793755,-3.502019075098059,-25.884012074745268,-10.949869252712839,3.288464160133146,-17.33426225826427,-3.080623743598845,-13.937414689184036,2.945475335418541,9.33621120793321,5.041034683522989,3.09731454316864,7.656337534859225,-2.403718516960955,-12.25617663960878,14.935036740211714,9.913721205476868,-8.24040501941474,12.380155099165478
957,-25.015433451085194,0.5708786920120119,-18.515457122349254,18.538289437329674,-7.215804561580364,-4.992718704865913,-9.314780921926213,3.8434502291104193,2.3471250716825183,-1.2712059020986306,-0.45211038974741785,4.676322616875916,-2.9769654237763943,1.33850957652946,-5.871959925192884,-4.72067190925903,2.0926269910510586,1.9877630698785569,3.3109476198355035,-2.2589506671785826
1031,-1.0392190648737099,-1.71833935359926,23.308748696182114,4.844739173348775,-12.388678180945783,-5.119024415982804,9.840193149356773,-0.14192830910085127,-1.0424351160664762,-1.927535363380197,1.311190485244166,-0.44080418872353183,-0.4367620935178953,-2.9471228564323244,-2.0681075176046937,-5.820073146518299,-0.5526808869999733,2.4100752694258234,-0.7806746095712177,-0.4889015749230496
1032,-1.8940091585754666,-13.62247569529624,8.471422409526605,-6.6442113312939535,-1.3274682970257499,-7.169485454082319,-0.03750825058528566,-1.5523751204261258,3.548421752269923,1.4603364741608136,0.4578736786958945,1.8154564973394471,4.517784985569986,4.867722730079866,-2.265973063425601,2.29597669914126,5.090891928506862,-3.317695929704358,3.9580820089423687,-3.086792077918924
1140,12.295043658903552,-0.3809820523368382,7.113270600715269,2.6546382927666294,5.845822265802123,-6.675221410859639,8.068658843651075,-11.547246133678728,-10.976026538272482,-0.2955197352533301,0.38044070954559017,9.749506084930351,6.985589731162242,3.114229964420338,-0.1425795680134171,0.5065749051531976,-8.923526188463386,-1.3560375535900142,4.4231757897904,1.543883247574241
1183,-18.763885809618664,-21.645970174389024,-14.099156550374119,5.047463454607739,3.501369757740567,5.982690508623633,-8.246205274120006,-19.79696224606156,-6.694229252741411,-15.699287614789352,-2.9080277737735964,10.406425935820753,-0.7805908202665622,-20.67124544045213,11.202384603286351,-0.41420651464026575,14.854717814664935,-9.456709045310243,-8.895251860068218,-4.597609378614221
2758,26.618047658448493,-8.63674021162651,-5.37686769022262,-24.32355282718596,-2.372251193525249,5.256782811369966,1.1303277217068877,6.4690289462041255,-4.897751448642614,3.4366548599048286,-4.2079631607858445,0.04335813348862003,-1.5402638557412602,-2.168469468126116,-0.4488344186097063,-0.421145252036474,0.1982784400915187,-1.0819567784451884,-2.1738124281606863,-0.2915678124551457
3314,-7.388669153385904,-17.1107302202927,-0.8011017022207698,-3.6488482172886467,5.903025210398755,7.870271385406276,0.12274891696616431,2.413128246501653,6.98523165809637,-7.333518011875811,0.6227873113356118,3.0655057333998372,-3.507711548519605,-2.6106477048093564,-1.3581830602947615,6.6350780991618326,-2.4653313824223377,-0.6011360329665381,6.994731849435709,4.930653137116038
3776,5.8054397615130195,-13.032778774868493,3.050656636108583,-1.2652507264218358,-10.433672617988671,-9.317575872659003,0.6529151401326523,10.337714677168213,-1.8491933666642322,-7.178325953315957,-8.298302658135945,-4.786283556260493,3.701479742706398,-1.8100549347975943,-0.41876831688028543,-2.3045741290359434,2.332844838436219,10.504626197505777,1.6735138842623432,1.5352838550466277
3893,-14.936171489487151,-19.705819608102047,1.9675601454426221,5.1857874741522965,-9.074950249573142,-7.2598971003761195,1.487775011259686,14.005210830886643,-0.9849179060069759,23.99438596115212,4.379601935219338,15.436342331799224,5.012634827324044,-4.276390100939899,17.72041048824217,4.1737275844996775,-3.1967826674899604,6.121583841177624,3.530996762169241,3.0815459824036897
4133,17.001017199065586,-19.19124910809167,-6.677936310782658,8.295546170753932,2.9513808853155523,-1.295067888569787,4.401715768654557,1.8166952906280396,0.5025308731574114,-1.5111802181802845,5.174226784941235,-0.408810937970753,-3.6208126881721965,0.3309029706899402,-0.23785468720047367,0.8161130352431372,-0.16904295589264995,0.33676711694353006,1.7425382803113265,0.5186134246753884
5634,-23.424670699578726,-6.209161472841617,6.504869997555543,14.12205568449443,-4.015890382118908,-3.215719528127173,4.693467622210345,17.76273291031501,2.2898275297017023,14.900898342879463,9.967073548124958,15.928618625193849,-0.3183913887595357,-4.719447601655376,12.731416167184985,5.434548235488698,1.1387349540507872,-0.013180388473804643,5.539053124809737,2.2637866642626694
6184,-22.900015502292153,16.975560509253913,6.148810665593033,12.246731711484761,2.427574933263371,9.932355226411731,-0.569172941940786,-1.0454224216210606,6.355930135024593,7.745974154303674,13.178931010810397,-2.028942101673863,4.41926023154469,-4.051385172862426,-0.6452595822585909,6.904827253720914,6.434897487785688,-5.16039794352232,0.217027660523263,-5.650910650241562
6276,-2.509441431117923,-10.626700406923463,1.6171630341760743,17.84327669818541,-10.30681709098554,1.9028672197374676,1.293594096924606,3.889069515621661,1.3086524103143329,-5.5595590833466355,1.9145293071996177,5.593824784175232,2.135468717742398,4.110212331304265,-3.655524596050178,1.1650480284874547,0.36319456789606885,-0.4620225122998537,3.5069014797058577,-5.503732411748915
6386,22.6395297754224,5.521738400060457,11.623539074698646,0.11469964534904444,-5.4815556688679345,-12.051164348810385,1.9122208519896717,8.521288035819472,-5.267141755765481,-4.2074086965492965,-2.567467074304243,-0.18811764178985432,-2.9283294057501337,0.19311816574107749,1.959931099529985,2.068626807508336,-0.24713441112132475,7.351512583097497,-6.660231405542404,-2.4546674150842254
6416,17.83325986766143,-23.55731313626259,-9.950354245171255,-13.46043769656335,7.081837019771793,6.859878790667613,6.241453462273346,10.619814362711155,4.942154373207655,3.8640181945855714,4.49284911775683,-7.297541547639005,-17.88632351353884,4.528889820927,-3.6951832122134745,0.4890257652338591,10.528351671992917,6.762487516684914,-2.8772843708042823,-5.868029454250508
6417,-6.290518815018895,-6.078049505260675,12.868322350122533,0.142360365539809,-11.063165481882622,-8.43487621775723,6.990831968239714,3.0187767317187233,1.8699753204446816,4.1997821056930995,-4.776380378322914,-0.115068413945393,1.5402621125895954,-5.642227346297424,-16.491947216727002,-3.2675181708543684,5.3055525604518285,-1.332959489633022,3.951796827122652,6.8988315446047155
6425,13.517336572905776,3.366333347220343,2.946500154721529,-2.971147619149839,-15.939950009862521,4.937413087212099,3.4390764997002794,0.3121227328302066,10.252027304938647,-8.759215930337698,4.948865531910091,2.7216742278997423,-1.5478295390176808,-0.6414050634201065,-3.2769196133408975,0.2691000026073002,-9.655975966216383,-3.0944432576800893,-6.207562250538461,2.493453152332282
6501,-20.336675237292006,-4.675700788800059,5.897539014683845,7.634112502465512,2.285998977168569,12.368003557094717,6.189937621696907,6.353863091674038,14.272453108271668,-17.86627580129435,-5.648953116083907,-10.218440899154096,3.126549680453876,-0.36999947621571355,12.321200364680188,9.215357776909935,6.954517406134476,10.049116157156693,-2.0924744846718966,4.410875470345223
6549,-2.367965484707211,3.947412616922031,-15.094603610767148,-15.172288387530786,-11.411675151193984,9.354723014336727,0.9464756827278439,2.525717293260635,2.560134984599863,-1.453503531679274,-2.104815734279558,-1.820877568001413,9.5053071942092,1.129187915185852,-1.0734303956944202,2.146607073142116,-2.74458264818821,0.884614365502773,-0.6196539105908343,-10.358102899400365
6560,12.731916921067917,-11.664963975673631,20.061169962289522,9.187958523125904,-15.967863748794407,-5.289834945972659,13.60880428190008,5.9373659260759135,-4.027821628348668,-1.4491155858994726,-0.08858100096897449,0.7875963284631147,-1.8984430500851042,-7.795483951638705,-0.7505919326939405,-3.9326187539290345,-1.5917325376025218,0.5116556641394229,-2.0130204877089435,1.2759103579023192
6568,17.369976510094894,6.200911890340499,10.439735688526849,6.302339055006721,-1.7705832250013989,-12.928974727846757,-0.8244505727047043,7.025943774473282,-3.476283519585798,-5.508422573355517,-2.1274107059470726,0.3114173072727747,3.5759738819390896,0.25013370403961555,1.8916450746487943,0.6984510010919939,-2.4108820199431076,1.5969991710066294,-4.363040976951333,-2.196494125051578
6569,17.59324740427859,5.287480017224286,8.826666044415967,-0.8556024685661077,-0.6296876667441687,-9.157911960259552,-4.558012116520355,4.422589452960465,-1.0477839759317864,-2.8276518029268076,4.6882960549112385,-2.738891899120732,1.10253005506439,0.46208796836472354,1.6321337600109436,3.495996792083679,-2.0550315050942736,-1.6587325986819244,-4.464875556099261,-1.20809180993424
6584,-6.214855137342663,-4.151427342491142,9.552957445579898,-5.09050722214196,3.5044348788858484,-3.6391516307995166,-1.3240741145795998,-6.63444029991467,3.260668169981871,-2.156867391863064,-5.81135955203361,5.016103159054791,-1.2995373990581935,1.008976849967833,-9.268746899419613,-1.6921304221680646,8.507413656366607,6.451299977114643,3.646292062086622,-7.672828055533138
6590,-6.300096180399265,-4.5085457724975635,26.254118370678007,6.338784351565859,-9.185276844102292,-2.7913021299184466,8.013118314444073,-1.7676057112359014,0.8991859252248994,-2.334033413319118,2.3800410594063357,-0.6820960164548504,-2.454679915706545,5.571769511239319,-2.122529282735075,2.5556458063213485,-2.617180291265738,-2.4237157591589478,1.2376359264116241,-2.7069148137283774
6669,-13.49324960631728,-14.812171051881197,-0.49989161795382453,5.426285378703408,13.6899052517197,4.95856420764374,7.550421122388818,6.663712904455474,-1.9313710250846925,-2.720270808623283,4.122335774289556,4.774167373452442,6.613875103968215,11.593863315756034,3.0380209027501626,-4.718589736031288,2.58789100453062,8.075711723463844,5.209547777488908,7.118645437658417
6989,-1.5014319180358606,-25.091993953860825,-4.90094666024719,-4.49177074693116,3.222212528259951,13.579793357546047,4.902610351539223,-14.238283912307777,14.963060414086039,8.733888513628935,5.690825765381566,1.5404266410775813,2.9422490006300848,-10.902218945974113,-2.544282878951429,0.30959625043368516,-22.443653054095247,-9.48039030433502,-11.330286802366414,-3.47553576842249
7047,3.531899693658149,-26.492145429323745,0.11685321602494565,-9.01888424708744,-7.477226872017211,-3.195976175532314,-11.543970737078912,3.2070735629013396,-6.0841812977944185,11.327447461770165,2.9986936799338046,-3.584719301568698,1.4248870586524527,5.335231457036766,2.457255495043202,-9.390193345404622,18.25956021416116,3.4840116324974124,-12.06879404494728,9.413553834129402
7144,12.338391271194554,-23.71279474833456,9.921531827343399,12.04743996196187,5.746832546009331,-10.110754061421813,-1.7608708707641023,-2.4646644717449036,5.502471508877017,-11.469820786938643,-0.9824848573150221,0.449422146411531,-4.258969960566694,-3.0066911103400766,1.0196419492658355,8.075910315545764,-6.0400577649981715,-0.9889849422011685,5.275446085235652,5.723101639829262
7150,30.510912984932187,-24.311732289387187,-4.067445250043158,19.712852274630283,5.454934528709868,5.770532383448752,0.26935613179183626,-0.35482372423654623,-1.7190759562994,0.6646421823592851,1.1505818112235522,-5.727730996092696,-1.7660285651400236,1.4634088990282266,0.5541935348086502,-1.2788414422659253,-0.8095046635440266,2.0403951879147613,-0.33610843182952055,-0.36504784499566184
7151,-8.51451797563687,-29.628258603688934,-4.269057081941349,0.8679749491746852,0.20417687778071733,10.028945460635796,-4.200155787780949,-6.016927005272005,23.4880423911692,-3.565716065647341,10.812200013682883,0.7021333325467871,-1.9897866771134871,-4.651256763929263,-4.723816719302392,1.1684000640793593,-16.80825443924546,-8.428106292527733,-10.267625353510896,2.732483677116599
7169,-13.180211116641974,-21.892488076589512,-6.923807671097497,-24.71057667144926,-5.942543711105938,-9.413141523289358,-18.254539893300805,-1.8434429995366295,-0.9593586574907573,-1.5240405715806378,8.541677812734795,-13.010027009954829,11.754673800177429,-14.059854718145381,5.335247966808251,-21.027623107256115,-5.189317898926324,-2.656704524675144,9.752435869160523,-6.896122754250056
7237,22.98641600162385,-2.0457749368183165,-8.14752688135917,-4.757096008810406,-4.602155197003785,-5.456238339416315,9.240852916767707,-3.5199886237245206,-8.52364416492798,-3.7135274980353303,4.9583186166163955,6.517421071600687,6.652668793800083,4.884748980584366,-3.380969390558748,0.11229476660196942,-4.883935622746307,0.17875652258309124,-0.6394342569619865,-0.9943903647958054
7247,20.924856962630603,-12.728031895666087,-10.774924123077097,-15.246789929242519,-5.040780901135057,0.9297996936220229,10.794240647386014,-4.332497713252805,-14.056741947680514,-1.4883224784456293,1.2129710995208056,1.5674006372369422,1.03022243467477,2.59158269077965,-5.6370756332632155,3.087107747984721,-0.3701470107949007,-2.514136186364999,-0.21496795680789346,0.8250927208966555
7268,-3.7034996011765675,10.498856910097018,21.880043782896596,4.619311355564978,13.427923904514833,-4.875860702260849,4.544408995409209,-1.5430623144792028,-0.9187749579871483,2.075902034626826,2.415325252648049,-4.5424793863613075,-2.692208163410963,-2.6827294912905546,1.4820296574340213,-0.3938297444114585,-3.317299834017469,-4.061871593683069,-0.40190190139181453,4.427372505119453
7334,-3.562240727993994,11.877056715321741,9.37742277607066,-21.80159325051042,-4.6918135644825325,8.761234094633506,5.048156745714177,-0.9869115269931523,5.377145155838455,3.0078184726683306,-3.17833835605624,-3.9365020876895347,-12.750788696065229,-3.157158916000352,-4.60669840142274,6.322964850220182,8.784015725994,-1.4385124701930967,1.475611527603227,-6.6952040924227365
7366,19.358681434911354,3.8459048219649374,-4.168153901300604,-18.781727611491867,-0.34425039288014053,6.82626113091652,9.688445156290733,-3.2280259685696557,-9.421637869275266,1.2075654504209339,-1.2038297495372785,3.511708914635534,-8.703066597764298,-2.696499706640331,0.28654586191828924,2.025216010441289,1.196128886021584,-1.9596581724910103,6.1442659783931655,0.3301160533493308
7406,28.566031819740534,-3.4243360446783977,-15.142878160562235,-5.715155004428369,5.851842362194981,6.04483671585471,-1.605907031788455,0.3937281842060938,-4.978209649161959,2.493678296048363,-3.9003915076421865,3.6941693496502577,-6.9119962073686425,1.558978150322615,1.7169390742136688,0.8419385042831617,1.0088596128509013,-5.045166269892546,11.113969672827555,-2.356948789316102
7410,38.5476797472725,-1.4626146914881308,-4.056861660940039,12.091296512902124,1.5311311425943854,3.954687603324357,-4.098969653127222,-2.576324992795614,2.296363756819406,3.2132464092552793,-1.2260397254607753,1.105674919753233,6.049384712141921,-2.658202141217196,0.6143868144855741,-0.6392476337772613,1.602359055241142,1.1386690276755294,-0.47017490027431874,1.7209620157183323
7460,0.17705902918878588,30.235183683548637,9.501429357025962,-13.627477980388658,2.296195761581275,4.453944701813581,3.643453317877715,3.6055887951967898,-4.076110091991786,1.757102878621334,-4.949910254380066,2.924081146693061,3.6106000628108568,0.6118699913059674,-1.550178662645435,2.8114206230439986,1.7587116248300092,-2.6452324841081083,0.7400291584108315,-1.878440457781392
7500,19.491498196831273,1.6409511747919212,-1.9023329595212621,-4.189354344165791,4.378762924871843,2.2696402053668003,-0.4907669814350341,-4.175749864433482,-5.495696462026696,0.7315738255741588,0.49297855445093597,2.3641662715664973,1.3433706073083285,-0.10742803195104793,1.2986114914021738,1.4033822431767464,0.6884068151672521,-0.17579022634753472,4.646989455987053,0.6967463714536001
7507,8.63886087551911,-8.645561077701556,20.005557876375434,-3.469710694990507,-6.606045619584923,2.155588625207096,-7.819403541783851,-9.322268418449935,-5.96800152942493,-5.464304513035459,-5.669458460327017,-3.811321813670472,7.69038562532753,-1.4909144826273608,2.4440316647209652,-0.44374834076441394,-7.303815765173245,5.252218586519296,2.436177582772271,7.349050778548121
7559,11.999885963871012,-14.393507316464056,-6.90752611244619,8.700209996031717,-2.8312132711380578,3.718704783329912,-1.6762504662899853,15.227350747263655,7.983907270039313,2.4676176606800677,-3.510883423415984,8.46832427132182,-3.902812368079651,-7.608114568093961,-10.942656722246891,1.555519681370008,5.121501583116609,5.2502647739125,-5.882458700416071,2.173536610390535
7581,9.621942139570017,9.95411730543537,5.594727938892694,-4.511518902446029,7.881211459201967,4.965565040706246,-4.686685286460625,-8.063281499320114,4.108984234897859,2.1400704135484814,5.736152370997036,5.968884535974653,-7.603536841634531,4.230747165528115,-4.714763571279744,-5.857280086459724,4.669704214302305,0.3268578546883084,1.2176599087398199,-2.046828402940131
7583,-4.386926450168438,-4.107724091291056,-6.213927410967871,-2.5508318651342297,14.463144271756562,-6.108829268796396,4.348307806024301,2.3591516587974954,-6.95322108465431,8.310207576786997,-8.159481944808594,9.568260924493243,-0.35069991953726215,-8.331983307475896,-10.543706277088477,-4.176926495206227,-13.439717414476927,9.038598468645713,-12.13851735885241,-3.211763947413681
7668,20.474240654844905,11.479482285071603,-10.100675422401645,-1.19069592834093,11.31398827772595,1.9510515596874929,-1.7461059656047944,-6.791641601654425,-3.5777386293146574,3.5881009490402302,-2.015916355830231,-0.702214490500987,-10.57291029368458,-2.0828320218386263,2.7409866826882787,3.5515615113667303,-1.6711521234349884,-7.342564965083636,12.666912898714521,1.090509611272059
7705,3.8048466186244165,-0.6425289221963211,-19.427117716164343,-1.3371925865391538,7.649959743159944,6.947166817124853,-5.430045060632834,-4.735815739671923,-9.282790215140102,5.1510200637733075,-3.261197854989159,-2.0865095669986395,-16.430231025105563,-0.6481499851399776,6.962203277628955,2.7133505569911582,-0.030737459209690596,-7.021229583699161,14.030575798786874,-1.9788869919987369
7725,17.62297790054077,-26.698089732670226,-3.7255581449639505,3.6663910149270698,12.903395857524199,0.5317615131339147,3.1548611462621943,-5.137381533206247,-5.293399164257398,2.198533325588924,0.35172747792112313,4.264485128693267,6.747693808966822,0.9434836271950973,1.7644049432130182,1.4057684197435432,2.065636711339753,-1.0812940102587283,4.083675224152387,3.744466488042038
7749,-1.4032848132325166,1.9892869768869705,14.28249554660657,-8.06495295356787,-5.328944416109994,-4.791229480339136,-3.6504277537548386,-2.6955854315379053,-1.7122278504579944,-0.5471284086860517,2.0618938220764234,1.2008711458832864,-3.979550186074003,-0.11952586529300831,0.9592596122828259,4.290016749418278,-3.563123112495491,0.40194110933979205,0.462893800143303,-2.1295238263241933
7761,-2.359600679657341,11.232748727772922,14.155435203753772,-1.4498886490029133,5.544879211637712,-7.898831495827083,-5.269566861611592,-4.634923063694446,2.0985727933499914,-0.36289804306709067,4.276492846424191,-2.3682120164238976,-1.654205381983925,-0.7640787898062239,1.8730673255373476,3.3263802220023764,-0.28669093085405045,-1.1382359774709896,-3.314007434105537,4.64200319409144
7762,13.454646706902182,13.574093669646226,14.367828879622138,1.427847949962713,-9.491969653740222,-2.269677556078827,4.117577652181174,3.179334869860041,-5.478148102926004,0.578329758787731,1.114042080455507,-2.6361296728193717,-3.7526918982568027,0.4481468399603637,3.0160810964039833,-0.7264412717582269,-0.8364249385624589,-2.4225912282783266,-0.4357075053343964,-1.5968817417454917
7765,15.839511003541642,-1.31359120749771,13.158864913433181,-16.315099007157713,-12.877223990159925,-4.922500828204392,0.8735876440541058,-0.9743371089241231,-6.3339127892255345,0.1655565380142923,4.44447704920798,-1.577961102045632,-5.247838519915207,1.453970472086781,-3.6676725643142785,1.790647518747688,-1.077695440033076,4.645403256647284,-0.33826934972464845,2.2284294574655346
7770,5.430733499450473,25.9531181476123,-0.38601547117602275,3.7685684152893746,-8.327047280432806,5.004752286770239,3.8960687985269713,1.7392126632102483,-0.5212997240646471,-3.5210515365664206,8.125662821232469,-2.9477079791365335,-8.818767982352304,-1.222817035962297,2.038691284179941,-3.2858916092666464,-2.326510426252051,-0.23464179631122814,0.10307068893035101,-6.453743034493576
7792,-19.667776701062788,-2.463931773095059,-24.590864778737682,-2.1061039206763974,0.3361348063581439,1.949148341891183,-1.1682617377476032,4.599882850087018,-0.9842925032301253,-2.5373393612731197,-10.53115790426103,2.83214871533641,6.546910807346525,6.771654321156146,3.2661414557875106,-1.6379935698249704,-6.756394940337139,1.6396094922111017,-1.7026325186259483,-10.64228649950418
7795,-8.907087033868391,14.224450189932227,-8.086415718263344,-8.747531473048328,-4.474424847788516,-0.5097791190291836,1.966377391188474,4.4559799039723,-6.835430003573929,0.5915766615210505,-6.2668147683177295,2.286230492700721,-0.9614096123155362,2.1066546252112675,4.544025896292984,-0.6743129519571739,-5.393190792524348,-1.0339787360742525,-1.1703754940208004,-2.0624695617831827
7797,-24.82370069366717,6.555664618441026,-9.10076280555984,17.158586209986918,-9.162259757367599,1.9832676642589446,5.27078842351004,-4.552026504691067,-9.408507404326832,1.0087674438675849,2.27464617218443,-7.319845027965632,-10.643153209678246,0.42086168956805375,-4.6565639460317385,-1.7281843640138554,-2.803368880300317,-1.7106893055103596,2.267659475754157,4.685318925933345
7799,-31.29487334962865,14.794559037139024,-2.938101564608979,6.998167228245578,-5.281086773914287,-13.26375691328765,3.0218224103917075,-3.394380704961901,-6.638016773612994,-0.4012330443413647,-0.7554592025145643,-6.444449544329358,-10.452157111394941,5.5537248110410085,4.828625995579934,-2.211031914244191,2.536394426837463,2.473658733703258,1.8232471511817907,2.6507809915600675
7802,32.36526771571057,-6.144948238293379,-20.277953611728567,6.878420873082281,7.124314570066161,0.07086127577147928,-7.617858256847664,8.738287143875125,2.7206665808086967,-2.263698199979657,-1.3097188282800716,-3.6092921149397137,-5.297881388563607,-2.115188610023898,3.1311985378213465,0.45965068778443297,-3.6482937460240885,0.24982720233111702,1.98109165489094,0.5560346835438742
7803,10.644250842673825,24.33816545944152,18.26026097020789,4.833763612081025,-7.904313833931557,1.3831392140769803,5.595451142182042,6.462892149658754,-1.638791507616265,-1.3680678976077836,3.0883622241486828,-7.035366519282844,-5.3944020067928395,-1.2750651881495039,1.219157994085423,-0.4487662343137014,1.870700686849656,0.65320230386313,-1.3179523318773416,-3.695794141476528
7809,18.49161359752261,-7.666997636377617,-4.262318406273086,-1.229772898609293,4.646140181035643,-4.023027090819714,6.307569138103089,-4.090528280629169,-13.61022043435378,-2.0978769373372166,2.1871741586235776,11.819319872378172,-0.5902197849139406,3.1600697485247937,-1.221956743157347,-1.8986360651776473,-1.7438212535126758,-2.798220990957873,-0.5067986293815796,4.3487527783835445
7824,-9.231901041291747,18.66763395001876,3.9567721478252365,19.822874137980993,-11.385181632244816,5.092367571266088,3.8218619398883855,-2.435074297881506,-8.055377907611016,-4.032868251290846,5.726195978328315,-0.6775483394418236,-9.038522278953447,3.027483011298446,0.2924155931806408,0.4941202096438364,-1.561136606042255,1.1089150565503276,1.8851349130143695,0.06772983559121515
7826,-17.69437609320609,6.015357429570384,7.0848698935840035,17.360785459731982,-19.127857271183608,6.700022376062302,1.3402589948221943,-15.423639845138194,-6.772824975563631,-1.5459845892975421,-13.262177126284575,-8.323064258966133,4.444884883923092,10.65047747040367,7.530974683437639,-2.6783230440175823,1.5404924967228815,11.363728520908477,-4.592825175728252,0.4357885738528118
7895,21.822100325713983,8.928201373531206,9.308528961806022,0.9377852391916763,-7.058086868643824,-5.713250666513363,-8.202900402632268,3.6890996870114208,0.073344547655789,0.8598330665091973,-4.6274571796699515,0.9509637672474823,3.027638178747463,-1.0047953247469683,1.8307303189011903,0.10434078286608806,-1.0907577375972075,-4.705861323382606,1.3859026231598288,-0.16198839398109716
7929,16.971263603060578,-8.672130870379172,0.7145406797163265,-7.9550655224858,-3.7241302582329645,-8.191655862482982,13.783204656604338,2.335466273576029,-12.820225966418045,-1.862315310560853,-1.371689482949094,7.632916805829597,2.1291784663708406,2.759946388154784,-4.094266258772168,1.8826319987279103,-1.6742506239445456,-3.9099721114858577,2.319677708563817,0.44713662548361616
7938,29.165468369369876,-18.734243496958772,-0.547309574481289,13.360259650925316,3.8046361995985363,-2.8043025846805563,0.5558996452841416,3.51345017776432,4.534564187150135,5.872951886702313,1.0954432107828758,-8.723014791093245,-0.41983024685547454,1.8999032437787848,-2.170068687811449,-3.220665714881639,0.029835097773529683,-1.2582982391366384,-0.4678111628901932,3.0802477771614654
7943,-13.694712356077364,0.4043848855948727,0.9825426871452523,2.661760905511474,0.4421867869096742,-6.631001787278296,-0.6646812638944138,-2.6777870710027654,-4.389913543708754,-3.525001637500641,2.3276770048180206,-6.759254583843223,0.1737294606606861,5.984737814898158,0.36458599793956803,-3.1112709076921283,1.704156878828701,0.2172139608488185,2.017284321638295,6.293397043577362
7947,20.73647446447402,-10.019555037902176,-5.108965745795318,-14.425418037035879,-4.605696141384939,4.381449612831354,10.533916965120104,4.105208283172305,-11.053789848676402,1.721551471144959,0.9302286483688064,5.1356460025317725,-6.418990342682765,-5.045605422217674,-6.202625459984914,2.088582829308252,-0.5304478002010059,-1.4561384120507002,0.8784585169751671,4.945793934291072
7967,32.97225039936299,-16.715155341691208,8.127488601251805,14.905184779930881,-0.652653620316765,-4.0100282103614875,-0.014963797888317611,6.8565994494295825,0.589920741989081,-2.306029579080885,-1.041043873380038,-6.437097583962424,-2.8849103672597654,0.8403165939906379,-0.21815718757163086,4.489804793252795,-2.0854208622329455,-0.7721555525021507,1.4737081018042653,1.29106086748794
7991,-20.061802171012665,-15.902039933519376,13.983499066667305,5.723526175616419,-7.755890208856364,4.299683504963637,8.977076712087209,-1.0480273273027174,-0.8683028209619966,-1.4177492508292255,4.090954388739931,-2.0838257285890096,-2.905778005403185,-0.9267664169596967,-2.539804402843055,-1.285379939515673,3.7403083918782953,-2.4848072297829717,1.5649079080591943,-1.7906824986331538
7997,3.2982623365461055,21.46526285181092,14.431801645130394,-1.4486115520173397,-8.520195630126075,-7.73133234320755,2.0471484184180633,0.3907308549790617,-0.3428092807466777,-5.174858662882377,3.7530876621386184,-1.7882675700117903,-2.837920565360948,-0.5965877950399824,3.6635930757302213,3.3688945242699,-0.8647012347507437,1.686117201311773,2.2537836892102847,-1.8880274918549365
8034,38.296089265377155,-5.307211008893001,-12.795519463702522,6.484043713176627,4.695043507870645,6.925980146289743,-5.9476494014823205,-0.30488667564272626,5.272908734624978,3.302516842934698,-8.791842423020825,-4.770551876516684,1.8821335248838273,-2.6186701961335754,3.36277815603476,-2.0633892118100228,3.5618306402154194,4.6967286260511525,0.6049044007225214,2.6315463645824826
8035,8.616099865245681,13.911637833334973,9.917448920462103,-0.06009519187265663,0.8687170094536237,-4.546304271241361,-1.1064430114519745,11.076355064023224,1.404571428274105,-5.930692736902039,3.5662112114164923,-1.689692167283176,0.48177191101998856,3.003290100769421,2.369907883039049,4.8783212445194035,3.4974163482138474,-8.78690318910085,-1.9424981925032312,0.33654835193296423
8051,23.465020581924367,2.140372179727707,-18.798556524306083,15.324546749511512,8.199046679535137,-0.07190603856137855,-10.963126753531647,8.120261545505201,2.54068868021983,1.4589576848907782,-5.276318221252073,-1.4587579079949053,2.228384170944336,-0.1459939927845144,-1.6437332917237824,-0.26588965753922267,-1.3000627906854227,-4.104416884800616,1.2211364952822867,-1.6028589288648947
8058,15.77700256597705,4.167508492568046,-21.818548291636255,-0.36179490938061504,-0.19713554689779533,1.7676558962505915,-1.8148918317743168,2.369310574180072,7.064314809556589,-9.734983952396712,1.6864541973718132,-2.2944796811082093,-3.609743066291965,0.786965147736952,6.151927144031011,4.355779463618469,-5.555463341018837,2.3468361483043303,0.43926005496422743,-0.46043211664123507
8060,-21.02780100539328,-6.995395220778988,13.793615827427413,-16.133523927530465,-5.455213180376791,11.403269222794766,2.1571433002375584,-6.845055547779435,3.5589406484348265,7.520586439830599,-2.0538605596201926,-11.476321758505579,10.885577738975446,8.16882641703314,-8.903584940970001,3.998107666536231,3.3458440707026327,-9.086244368000978,8.61692561424548,-2.7958938307154853
8063,-10.882798406237386,-1.8495931841462887,11.809987328113122,10.97723673758699,-8.065262967335759,2.0585624521234775,5.158765337305622,3.545383922212982,4.825566602332714,-1.8470417402017685,4.054687598174465,1.6894440241339959,2.7203402576941427,0.1651572719543734,-3.4636356086979236,0.5369951343141339,4.407835044498105,-3.0588723097067163,1.9444182209773901,-2.885271331361898
8067,-23.905699233778282,-25.615739281780712,5.93971433597248,-6.117769689453548,-9.71920638961533,11.896142988014619,-10.14503876115241,-6.453330707830057,-0.875131726374014,6.646747742863673,-6.905165774932667,-12.471613168418573,9.792511483525637,14.521168377990481,-0.9501687145687716,2.295771278654727,5.814343808638567,-4.47185886247351,16.869901954264495,-4.219986085262226
8091,-36.99895866573606,1.727139745433213,-0.672414106275259,10.861275084661736,-13.008416573275035,-5.823140712278876,-5.712458955798471,-11.262071385031899,-9.12334574428271,-1.3435015107131434,-6.9826144445833265,-2.8416108897447376,-5.148413357479207,5.584468570460045,5.256744247264237,1.442723052957168,-5.621538720360258,4.035798310451988,-0.08380336853107917,1.9775538346465997
8092,-32.45801605840707,17.165607346713177,2.8364820880576014,-5.626707540749819,-4.333704296242602,-4.814680589822151,-9.763012888015904,4.656792126411623,0.2363029599144208,-1.7188320906816223,-1.1224280920381957,-4.971184191361921,2.214318150480697,-4.227436302535106,4.431887601479517,5.18880013473508,-1.5137776299204382,0.10359220412354543,-2.8454799455962747,0.8716871070515699
8093,14.302729815228036,0.17371007002134414,-21.323286900061202,7.815810704489805,3.927869273319073,1.9856634181869997,-14.94441860969662,8.350884920802196,-0.26923844757363136,-1.7855293473513847,-1.6347196053844386,-4.870465708294396,0.4388556594304644,2.90274713892428,-2.6382864804509887,-0.2204135550504385,-0.6675748145746698,0.9284031537924077,-0.313744196306155,0.6342311724802272
8103,-14.52665769961756,3.7406690794240456,-3.374275078376438,12.174669238891493,1.2080752253454377,2.009641597591243,-4.321997669697574,2.6701991861719674,-0.7185617546214697,-4.5722746806922805,-1.2550921984835008,3.6180149352649615,-0.4650854352076943,-1.297940482564201,-3.080292541235003,1.2224900311285718,0.8510663842593498,1.0686549496692581,2.838468055533831,-2.3035578253865836
8118,-18.517022984195087,-9.003217802897577,9.656772918530958,-9.301372455217551,8.848942049253537,8.030077270056019,-1.7654557546360277,-7.257660743409009,1.4236651540400742,7.384549068410203,-2.5717665618518497,-5.444229638522301,3.0170448362600983,3.4636979792814695,-2.750125121932667,1.2141328846426644,1.4475844751153013,-1.3448362312960171,1.1951085454203425,-0.251803096012831
8125,3.059357421215527,26.623202938852224,-23.743585691429384,-2.394017830593813,-1.4069928957287587,-7.532438101110828,6.950974420680987,-4.433453150766845,5.0352873308707675,0.25883793480214584,0.11407384809721642,-1.5623327501899253,5.773153771734741,-2.4360250331386353,-0.22679179116918366,3.3812656998853354,6.531759063495368,1.3661637483593176,1.734433933300294,8.214386739967273
8129,-17.0403652063871,4.878613178709502,2.358059470860107,23.101076028188743,6.243013021241408,7.54969009870065,-9.017045671983535,-3.8139629646528217,-5.763354589517243,2.104131596699659,-4.0210763096000735,3.815333912763484,2.523671003409394,3.06798140096603,-3.9110019997651433,-1.8208259253569916,-1.7906279769729814,6.528621004043049,-0.8020938089723115,1.2028211373271578
8130,-20.969556167413778,19.24915172079127,-2.892008076007734,22.078668655651907,-5.104766350409367,10.29080194941968,-4.233648653582217,-2.730906600787191,-5.869028463530557,2.8513579609320456,1.6539989593737305,-8.790336830239955,7.660745372830016,-2.3415377295000344,0.8580412461227215,1.8117573807844738,-0.25933682717216494,4.074883916087619,-0.16366266317722789,-0.18593634974220327
8141,-19.135192300580737,23.622800819344246,-14.695636990929927,-8.119309091416119,-4.792076142630946,-4.2648320392490895,-1.729592658326803,10.165783279627146,-1.596113274024307,-6.411570511256058,2.3018566548302,-6.239201136858609,1.6198428666749698,-6.495251754768797,-0.29148466255641237,2.053328666066583,-8.403655265701625,-0.15447620329190515,0.8626479946245993,1.6759431181876008
8143,-6.573066275873955,-2.148165406361423,4.782530602100345,-8.805526284238464,12.306998210072482,-2.512931662281781,2.618034579344587,-5.123234045364594,-2.6656375273957416,8.571711928047849,0.6140653862376441,-6.113199120361597,-3.817390642817919,-0.42587587507829666,-8.679855473298236,-3.236981884381501,-2.5850656517132555,5.9062739033958405,-5.282684816304628,1.3401318250778518
8160,-2.7930668731312918,18.738316508362978,16.090321388593388,1.1664665913523813,5.427021168456245,-9.770424799993851,-3.5738281602839415,-3.1599642371026615,-0.40625258938192266,-4.471071349645886,2.273544242531701,1.8288826931621165,-7.643844301936933,-0.17106210340503708,-7.3189802595361115,1.6009141766585147,2.3175462939954867,1.0175819712592993,-1.2784668102177574,-3.1802233416615597
8163,-36.927090811082316,2.474057188938706,-9.276498171786733,-9.771771683490984,2.535427237464457,3.042768888291553,-7.1383016449073535,0.41960133961847135,2.9907484756620892,4.231090476457453,2.7722658243986613,-8.434656948798876,-4.513832553930817,2.5669563478908977,-1.221875046459423,-0.8757656519649782,0.4071206922720919,-5.422041617922359,-1.8471378018298363,5.740774846190352
8174,-25.249740527715,0.23827533336738302,-14.758426413672609,4.985274992104943,5.323645472519805,-1.5791314377699024,0.0832036055668423,3.7040781929404107,0.05004320191034032,-5.091172651440219,-2.928487144098207,-2.984368038058483,4.499592950592657,9.712773597903064,2.1823924842448896,-0.7187406584497189,-4.3166924023073046,2.3305845731602677,-3.6350056408712614,-6.256558364220619
8175,-44.635087282171405,-4.750808041358054,-29.519592789085433,12.490252806405994,1.268530986705852,-2.526623946761776,2.095644806162294,-2.8043594801406053,-8.77161852392704,11.687794708895256,0.5422510714190756,-10.917137969260256,-4.4796455547436365,-2.057715739901545,0.5913700471994744,-0.26931292600467815,-2.475815301401759,-1.6747627514188885,-4.52325408918831,5.004055048147509
8182,-27.448922183316157,6.146841529622579,-15.502476535552205,-12.350112990626933,9.402891938736666,-0.7450094954399341,7.707937859107315,-1.402938639028106,-1.2771697602977798,-3.4022183875292256,4.597607049242316,-5.898340081618845,-3.601925215091344,-5.357643902743566,-4.617849666090155,-6.371890545594505,-4.093178035821355,-1.7719961104510513,6.5589877267489864,9.807940216453797
8184,-9.391078780911304,-15.204180980324843,4.002717846819971,-1.6105408936719454,-3.38300776418549,-2.481889774813123,-1.3721332363863916,-2.015029193766765,12.874218395915843,-3.653051927762551,4.969321566434096,-1.8506774261505006,6.805159903793646,7.343441163401646,5.049750613229021,2.333435783879755,-0.03619135451812256,4.282723496472662,-8.801987683349523,-3.149155360847423
8194,-32.380564378465074,-12.410054317077025,-19.036452616757103,-24.263158570728898,-0.6189807661009091,-20.84675263174574,-5.554183035739547,-4.511205324135996,-5.378612825043695,-1.8789811397729637,3.1444630554828117,-14.243483045720241,3.7048038894346167,-14.584798027763018,5.586387725384133,-17.06860350662072,-1.2525609580309671,-2.7690070091776815,7.924793740313331,-2.0084044182018
8205,-25.51808922489216,16.469828406472956,10.99950994178687,-1.246966840640192,13.178414570939898,7.869754986669321,5.2215751112232,2.688048091209675,10.413657994080447,-7.829545846994433,-4.329585345682645,-12.242732745393175,5.8468674618431224,-4.24483970255499,9.309801171157154,4.95881497175151,5.47462594471197,9.21275473320744,-4.9525137771036025,-0.34505723670772426
8257,26.05706612269132,-6.733542925403846,-0.4896498447780146,-8.927243041510293,5.647334210468447,5.080286937366153,-7.780707070221385,-1.3301259845511095,-0.7758751481056019,3.6602760615389274,7.25172825097992,0.2120453440994595,-2.7726263077155755,2.8341355998390676,-0.2961327233123409,-4.805072095201113,-2.6065665949250802,3.9646677400142063,-5.2491972363556165,-8.025737076685749
8369,-12.305468938664092,-4.197637789107671,-5.425226332287108,2.0584096022009217,10.082750739219067,7.70484154792142,1.8565127821233907,-5.742410429278241,2.1285358550966875,-4.806185838714045,7.976215305805871,-0.04386088184282516,5.58191546458775,11.6508896232625,-1.2772895217513323,-1.2140644883196436,-1.8029872872812631,6.417087684969657,6.616995947787192,8.26012836766289
8615,-0.3835687168038787,-4.834338777381547,0.4366153271990942,4.323890078593395,14.283236606160077,2.9013045736237304,7.995888934652406,0.6843984797725919,9.038986561884984,-3.4529677293744343,2.876404845026336,5.073657292220202,5.855268180109721,9.88374169652727,0.7433718377584686,-2.6586434155010217,1.1811901048296476,0.7622444416304998,2.911726364588432,6.741516683681704
8635,15.33161902500441,-13.43954241135105,-4.042976443362194,5.453153440439522,10.709021991690847,-1.0573947412302973,1.3242525958791371,-2.090870217877205,-0.4019044124054485,3.727685450884966,0.9835194741024057,-2.4726378007991685,-1.6424322014498918,0.055172637307576725,2.256174939433643,-2.247931755208154,-0.5179073567623954,1.9280968258823885,-0.7383286869543235,2.183569931505874
8658,8.39655283009145,-19.119039322911043,4.447287533424997,13.945137463086482,9.444936664443542,-3.5161946733357445,6.361117994510499,-0.19868751327351009,-4.189913843675304,-9.746807560763097,-0.9101988988745704,-0.8431148989749863,-7.394579682054888,-1.0908982616679697,-1.2843285657013364,0.19473499566350896,3.792034821887583,4.758603858177365,10.571867041481344,-4.988235977226045
8842,-12.047172953184871,-0.11384845021650274,-10.106050506820191,5.5672629756665994,4.007648514041048,5.5328072167350575,8.549455884235659,2.2936373954118254,2.2037371606048293,-0.9272851930224518,-3.346132375739704,-0.8565077030130763,11.588078267888342,2.219405373142932,-1.8601538250251353,-3.2536471880344338,-3.2413692914471395,-5.776548360018296,0.3358660022294988,-9.630390237309982
8857,-6.060954370828473,4.1759798084902915,12.236617864866362,-2.933309754507728,-2.680744157141826,-4.0149702015644975,0.8272422386402226,-2.974996442932226,-3.6249704976750285,1.0667853166244807,-0.3085944769532266,0.20832514088295365,-0.9338972049891855,3.385892758257673,0.24755981635106566,1.5063577769236745,-0.2395188210021645,0.14414096637410478,-1.8532782595057808,-0.891857881539193
8858,26.77340797440835,7.170909760531913,21.53196954682721,0.8390441333411477,4.5223718843758265,0.9485208117858778,-1.9991558317066993,2.613275766689679,0.5964987387317069,5.9608025466606165,-8.599752509981892,-7.070640790447562,0.619562419859072,-6.167622011126047,4.751349487054978,-3.087815331352727,6.864268419321811,1.4329406689286943,-0.03888026174678733,1.577933969641754
8892,-7.582302429561237,-5.291962308312725,13.375875057626267,12.276709688401098,0.220477841080988,8.953022495808476,5.158716966220778,0.9702129933600284,-4.558963304001337,8.357435173237038,8.764490228279811,-5.0347700437748415,-0.612683050312533,0.09315396947682349,0.4681077723211251,2.6648047577906384,3.06874959209505,-6.222148565434712,-0.8335872601054569,1.152828598876037
8900,0.13865577099459275,24.420867171742373,-4.838565765121302,0.17398950350324396,2.2853861296764846,-2.652809534650148,-2.750316634868296,0.074116857398503,0.7414932074515497,-4.440980580999161,3.919627843672801,-1.0046836505317547,3.101653902185668,0.13770762897904706,2.1972723322415986,2.479849272421187,-0.5736294068230058,-0.6386448827597119,0.4114288599365266,0.7378413993706262
8902,-6.115897693323319,-15.73741080846485,26.55820238398315,-14.168160935168082,-4.435126170582011,2.821466957792704,-9.1730738005663,-1.891337342161123,3.5882885890024236,16.038025614844894,-9.289503458069344,-12.618873489686074,7.430679899270062,5.217554013609395,-4.7516429358464585,1.2874861353166174,2.207115357630886,-13.08926145722855,7.434336353375768,-4.498053665557055
8908,-15.412101079005147,18.579232169843493,-18.68829940522192,16.216191831127272,-9.167636369127916,0.05914189308859786,-11.201542903677701,-1.2687300183670787,-0.2792210302615648,-13.428812643020827,3.0293049419955222,2.474405456464269,-3.6615203067914646,4.460420245330484,-3.9577685910097533,-2.913611636308136,-3.2113269677001623,1.2952875760246658,0.7305777926724238,-5.913336045887847
8914,-22.50616603933992,-8.156468050165364,-12.923218905426644,6.438824001401464,-5.172623947540801,-4.446510726581099,-12.879364927613805,-0.02287410722540307,2.188624273286441,2.091241515052655,-11.65395468512505,11.271237620307312,-8.942998498310937,-1.5857299567681513,-6.016485852312272,-2.0051175134571166,-6.296968491194305,5.800382929274309,-3.5030549293092084,-2.83260932530078
9007,-17.509210137743676,-28.79536472028183,0.5454784096204026,-2.674998916047496,1.1528779583723083,-4.7722746035321455,1.2562124007286375,-0.9751518316215417,9.59977795613311,-12.106676129722139,-5.054961803822267,0.16052189620467042,-6.238922000245284,0.12245150398669243,-2.161957759327918,3.630264424212913,-6.265506371816453,3.963044907239421,7.312412078308661,12.76825620129612
9233,-2.7606703445334526,14.94329696520336,-5.429991558757343,5.266530529513901,2.8829232000424594,4.870169870409398,-1.7365209794357839,4.764027199364271,-2.682026721882229,-8.22975190593052,16.348142814396155,5.130860265361358,11.667387008977212,12.045732665555866,-5.114694635989883,-7.249414796627776,-6.197969020221885,-10.615517860003786,-9.064935534904002,2.4034258063210645
9234,31.436088445078376,-1.4598556495979054,-10.033738574293226,2.774554409202696,-2.1467394605644556,3.1135438995830533,-2.9688250789881905,7.179220432068457,-3.2924352416747227,-2.961617177123312,7.647604333923937,1.79079456730237,4.599138738142981,10.784544002850529,-1.0828059987238674,-3.6781238056992898,-1.7924881599746922,1.62808601162778,-5.851421025821075,-3.8099338926118023
9266,29.091085370743567,11.191431565734701,-8.370673806514535,-1.3066657359229785,-3.9439513693327757,1.7923369857237126,-6.100947036496954,2.7037635086821608,-1.328361670595642,-10.23939303794072,6.3922538728269105,-0.6126403589754295,7.859811947991668,-1.59871580676374,-5.494376535520757,-2.1378635199545175,-0.8546636355863789,1.3747239382613423,2.264782289994449,-0.06441412559709908
10263,13.683704465694598,3.2920342054045695,-3.288527085909723,-26.842817761419045,10.335163753432546,8.10158188058451,2.520753773626814,-3.4352235627669208,-13.203445687367738,-0.870436899967837,6.3781517905537255,4.635348256314253,9.633582576589825,-2.3690519117510958,4.941903804107765,4.787966325480084,-1.1373807211252713,-0.20155699610963723,-1.369194245422724,9.80145083711999
10345,24.873884183389258,-4.116905089421142,1.953707266498584,5.5284312416437205,-1.2508597316499237,-1.8201377158339305,-3.149234041458544,-1.2133938644515916,-5.772980975267087,-3.4409360562806985,1.641031836078943,-0.6763846193898827,5.270469699245962,10.115071418248291,0.27973057543941066,-5.349827920949494,-3.427590549994992,-4.361317662001523,-1.3131605256733072,-2.633402823565685
10405,-2.773705845046361,18.859417272856795,-2.8136655566398208,-0.7784050624601063,-2.135173781673028,-4.21431832484007,-10.79300592537606,11.837495584370876,1.455313281204415,-12.91447215762422,9.290640909027097,0.603352464119414,-0.9887925717447005,1.0446857033974426,-2.5563642394400556,1.3896135172950876,-3.874673540909878,-4.543346694531799,-4.049459317685942,-1.1775708254767099
10686,23.997401357723056,-2.531331339732158,-5.44018565192513,-11.23015698537571,-3.0757493132691085,-2.6452828626845424,2.2245358012225314,-5.9987797732025285,-7.143284345732641,-5.2818515095661,5.31252750492329,4.8578460633456535,2.738231926064682,2.193415026132727,-0.3910144015754503,-1.585256219675604,-4.228877776051436,-0.9183579387979808,-1.039296120204507,-1.621541687808946
10722,22.994173668816114,-30.158760549952138,-4.486255598537766,3.9843948611803977,6.751158515762435,-1.4091068684617913,6.481828148582824,-6.082763670392777,-9.84896660436039,0.18482374577285113,2.4166576221158556,3.1310919102105848,2.9922614836400228,0.24386195655577228,-2.2968410284486804,1.712817805210832,0.11648408065974863,-0.20725115738427463,2.5231803513877997,0.07931297779258259
10882,4.562604736177983,21.354499162281524,4.812466459321867,9.553343655780866,-13.698404249398676,5.993138329111322,11.65643743410879,1.6498125556383092,-6.736455523622555,0.4839590847597395,5.3095906731636004,-7.065085339370583,-6.360920192631659,-1.7965847898214373,-0.9995875729841429,-2.653063808295069,-2.978670953910494,-1.9797067207477848,0.8096127282233343,0.4968913262326171
10953,-5.493535332127953,2.173236468135746,4.6892969391630785,-3.9949924397433247,4.69306022702399,-8.459247272148293,2.171220760354013,-6.4774102287137385,1.4021209770400467,2.5427428576088973,-0.9254746486303096,1.6325868781969957,-7.366276511649842,-2.632911889889914,-0.032767051173576936,-5.572877512161816,-3.3367839032078948,-5.03703703732275,-1.900586263518687,4.3638746457521504
10976,17.154798301646593,16.86357797432252,1.577146136662746,15.01169324030307,6.528176981697032,-7.153358976355542,-12.282646501884853,-3.1273533100673174,1.086153037763051,2.414011166993401,-2.9499848079169353,0.7866761020840956,3.8003742383232773,-0.7682893998924429,-2.5962773263701826,1.5160512899537955,-6.001334625496694,1.0918696152453493,2.229982953544738,-1.1099413379482892
11005,-12.303450605892678,-17.803178615064645,-1.6821287235774534,4.092809992307257,-11.29382297273563,-3.2957314245607083,0.2160223025265833,13.756725533788034,-0.3804323396896469,22.02050412203688,5.264761199014107,15.860722581379418,5.975184546806928,-1.4114572466662736,21.770170294446814,6.566729386073079,-1.9863021846981106,7.896599747642522,5.687173531147594,-0.9872410607937608
11006,-34.82645269486335,12.795635920580944,-2.849311320887186,-2.975740140364115,15.272002975268922,3.865952491246597,4.252219856619591,0.7778519599966923,4.3955653372901455,-1.2539965390103343,7.694316129540075,-7.68625932671383,-1.2882765994392342,-4.024727519524142,8.151186099956872,-0.44197388887707906,-0.6893538397883938,4.6311670155814,-0.9641828205192735,-4.998404801643008
11040,-20.54078813608085,-15.348135938657169,9.912508715954168,-15.112346498399681,-2.109641896170967,-7.831412850303266,-16.25429916489581,-2.5768339629307597,-3.7247475176920393,-8.415001172496263,-13.964114635805513,4.266390582052911,-4.405621153066349,5.117988086421794,-0.5159246858349872,10.620227643960554,-9.593180093448302,2.8548832011227074,-0.6472208841895362,0.37730387031713203
11173,-0.05408230952363599,18.60029117600352,24.302823109271472,-2.192016523287179,0.44638349112028125,10.465896828260153,0.4272886784143789,1.138991183638156,-0.2194167969319291,-0.22983649530146993,-9.102047189427157,-0.9482985082974199,9.265723527538547,-8.411924376763782,-0.38847136820394945,-6.3476982364054155,1.6511845876359303,1.5387280720059997,3.047039348230331,3.490441230011268
11509,28.366827587862915,7.580815033767129,-5.658786378327353,7.191964628201858,10.169585525304768,-2.9255359507885914,-4.528878279238183,9.700733536988906,3.8102170338792716,-3.419979717999967,4.178794879671254,-2.193946136274081,2.0414961423249993,1.2196057817066042,1.744184665629524,-0.12064849558410501,-0.6022798541075782,-2.0839630743463933,0.6872006489703438,-1.6355895839524641
11513,28.018845421619755,18.788315823924172,12.67795162910871,-6.392663830233186,4.490228067109123,-8.772909449583477,-6.5510527233041085,-6.733381039706228,-5.020641926559721,6.097430385460263,-0.3042492768559423,-0.6194687485559535,0.00921141866196762,-0.18729567441721762,-2.2183419267292552,3.0974428763278903,-2.8184635177087682,1.0543875496855188,-1.3188423412994354,0.4028968245746248
11520,16.72045915592598,27.094248590066105,5.4932000442493605,3.6930192196570606,9.929941926635207,1.06254837276663,-5.76058206587316,-7.104415942834469,2.642178691311907,6.565577799194897,-2.8381771709951953,-0.0820186410943971,-1.9979664453958363,-1.4541988230821064,0.16990033652842948,2.1500421211114844,3.490434557549251,2.6346757027388237,1.4121271343312034,-1.4117286300318723
11529,8.97805481427182,28.748621744529093,2.3206408341573894,9.897763140511806,-6.41677917642973,2.1247040234930155,3.1048670806926317,2.5313559358082007,-1.443499110105888,-0.05096012445103699,1.5234530397187702,-5.452947085903251,-2.733139579981151,-4.261367553426834,-0.8657883788044537,-2.2251024370963903,-1.7899484978733633,-0.3106116352725153,-1.412366116834162,-0.701815147327787
11559,-6.739321424506648,-11.896894654313218,14.293596168818654,-2.67464927656687,7.844040614189534,24.10398777103437,14.970664097813286,4.317554231161485,0.0062722155502100575,-9.107252251878274,-8.32168165632737,-11.256943879667046,-2.17431648166745,-7.912025433025781,10.66721617349405,4.814714080041124,0.5301291446564604,5.011453346276374,-3.302308813313366,3.430144814459131
11569,5.894244698096575,-28.336724067002176,7.816013850280934,15.776714107882874,2.812070718178261,-4.008810754539706,10.851288412056126,0.8885498006748831,-10.216046777398597,-8.06941594103791,-2.6126045096959767,0.3689562695110181,-5.042276691079592,-8.642051004979683,0.6276378436872032,1.590078745342083,2.32376106856621,-3.860621573548461,-1.1454041026947461,0.09617661869190042
11579,-11.062791002337706,-12.702250750563664,1.387218440253652,1.0490387777950592,-9.692770277038237,1.1983738589827055,1.4088449333000217,1.424841966339175,1.476234801338939,-6.899853079428834,2.9646923295020087,-1.3279309422868446,8.987941536895871,-6.876933031025933,-3.5743075935347366,2.109956099926985,-0.8536511205728837,-1.8674390182127583,0.7952921864957401,1.6037185684810866
11583,16.019218800345538,1.0990337166102664,-4.581439471725149,5.888411977509478,0.12512443104343463,-1.9626697187468611,-9.908752046426462,6.675316193514246,5.421875686715901,-2.527792803404756,2.1749628523786337,-1.0099800699430026,0.8575475198397028,3.659051911250822,0.902673700983437,0.9491011669422966,3.717836991401162,-1.7450369475260323,1.3608722848737478,-3.399440341306816
11617,-13.468271086053678,11.52145747749945,12.125458571114688,-5.152307123894705,18.695507606675243,4.922116682955799,-0.9231301091221589,-9.078549856772264,0.4793822097118916,5.2639251847434245,3.2033298856228933,2.796795852955722,-5.003513151620067,5.8627113835157045,-6.070911608435043,-4.078160366989677,-0.43585372665875566,4.702179982117405,-5.335271103107381,3.6364910756317
11622,-15.50985943630429,-25.659604073835883,-16.133341166519987,-5.75737276809107,-2.42125041536258,-20.172437234263185,9.192232924565856,2.019121075830998,0.20172891346195362,1.5644316928665623,-0.7320547763008574,-10.775827393509648,2.526924908673046,6.2528378052147895,-0.9450645360704344,3.114820804435645,7.382315749846034,-8.757123802406548,-6.251728580596627,-13.857731607497493
12105,14.538736835096541,-26.45781668383174,1.9407240826285355,12.663973047282221,2.6584148481364984,2.559311409971885,7.458977925300373,-3.474052932509288,-6.9930074308712085,4.143007679417462,6.359615341767559,5.878481581354281,0.3997928742238818,3.5672501011670135,-0.29395266317876934,1.5081718023456114,0.8089209771116808,-4.834004983402951,2.86595773221124,1.1355429938644874
12202,3.4521875225712546,2.7887103503385102,-21.274579800387603,0.209677593950482,1.3718698592015945,1.5847638783488507,-2.7842595064550273,-5.346716055778658,12.211963654313475,7.626728448053329,-1.6550986016418519,4.807930773857364,-9.201326496183267,-2.8795363852237137,0.5543581164594266,-4.1475721462887165,-0.6305152244025497,4.998949314101576,-1.6335541276863321,-4.060664364725497
12206,-2.9624167779008204,0.4243849336238147,13.56115277330348,-1.4311429508068751,-11.793553961834265,-3.6482761984141514,0.10231198797688928,-3.0730824232788025,-4.208068448853441,-3.0466940800855555,5.183447195663261,-0.3511612754504023,-5.299273876806419,1.3876299845024485,1.6257351141136975,1.8382731269825492,-1.1210366053319174,-0.9956432188833287,2.0706557121132043,-0.541014352482591
12216,-4.67371678596685,12.789345012601364,-5.970922600636837,2.3603557274584626,-1.7554981231901163,0.38430140133140206,-7.614266598681294,1.9028383230568857,5.692473131252481,3.494859968998441,-12.236617846487144,7.760487814197134,-3.5075053460612495,-4.526980494085667,-4.406114911364755,-4.2833496068513846,-0.36909881734485045,1.5908608989184514,-2.0962963729424775,-5.00286282350838
12243,21.90473966639114,19.175788949423218,-4.010414331705427,1.5711721892659134,-4.669556472824103,3.5182892702164374,8.53238817567927,0.2421062862048695,-0.7155922738521616,4.540342829327797,-5.128609748352029,1.7181339149464199,8.732499319185644,0.6460023204152908,-0.7083436241169063,-5.0441372805489815,6.091528925360928,-1.3584912508011386,-2.87027020676044,-1.5827927198844798
12296,6.918494153930706,17.869835653904698,17.174181384021516,4.407177928858279,5.874758446172077,11.847321591133786,2.8180635288426297,-5.552450377257792,-5.8437817323507355,3.755461668178035,-11.413968602521253,1.073181425150958,10.36154204323979,-8.060645637996823,0.2331567962685085,-5.732038245004929,0.16203424300459604,2.549557152425939,1.4363619056425858,2.774125207107824
12297,14.204823594259244,19.374721375803105,4.815595766589963,9.37051584261767,1.6377527814324222,-3.81884901114901,-4.278065764332527,2.329276827375775,3.4363301496615564,-0.8281520694154957,2.8002768717200435,-2.1453138691014306,1.8906913799685805,0.20425841747457163,1.1604326220423475,1.2161741800347141,-1.5288532716507335,1.9894780095502391,-2.0354963257759655,-0.5454545101967848
12348,-5.333007479070687,31.4297610229158,-9.90967742774596,12.676542141173275,-4.524376169153583,0.6589536571185287,-4.295040528389817,4.092844928265125,-0.497531363638182,-2.511916994366991,1.9706905732639879,0.6105752553153637,-5.358888468912383,-1.9134562335472383,-5.653488508463963,0.19803529060842684,-2.9099411372521624,0.9747161403314881,1.3919321924100752,-1.4027215165309868
12367,-10.38724113433988,14.07473391603047,-6.385522937892825,7.791557349646097,3.084449668652146,-7.9318319517284115,-9.874376476080734,-4.556271471500388,0.1732852839740171,5.716342233128443,-14.445673932613332,6.6994884585428744,-3.61538027483741,6.992078634292709,-4.719666474696429,-3.0679120597012655,0.7632377097607365,1.8862051802676223,-1.4652219935349604,1.2306112551750805
12370,13.1298743566591,14.472087566044241,-28.623892147788453,2.8357550217310448,-6.233167069773292,-9.601410271077503,6.74764791320224,-11.485032048277265,8.788788361018103,-0.8586433833395825,4.279115141300849,-1.3926580136530522,1.2792439886895348,0.6962880354603803,0.07506665757420657,2.6725469766097576,4.249210920991176,1.9701426263050417,0.6203342940187484,4.536509435860711
12377,-18.222368825103864,12.447597005103736,12.009489360334374,-6.254377623896234,17.987839493395406,2.1788687654721404,-2.3282539638009543,-4.334324439373764,-1.8197195512767923,-1.3964442968624844,2.837917943591901,-0.9812710556560788,0.11701489725956722,2.216910360422946,-1.629113378326355,-3.5723933143814466,-1.0311447051219222,1.170882357490355,-6.275905408827088,2.527462367262237
12388,-28.154600544403685,2.5373993227783886,-8.59868018354722,-14.49686448407007,9.391577496470221,-5.116780615880908,8.786022506339735,-1.638889511056012,1.1848316005809454,-10.573977143918727,1.7916838764926033,-3.051193163973711,-4.3184208650329605,-2.5408155046476972,1.623620635502705,-5.182509476406374,-4.5979693549139204,3.950645143155925,4.653167312760625,6.6433845083716
12389,-32.47258153338956,-5.935192511700174,-15.986020502378441,-16.625204431296925,8.14507139340401,-11.442978053119955,14.79130409915738,-3.9071927527023878,6.09625093343902,-7.011928337007302,6.020018805487116,3.759930212285668,-3.280180749197472,-4.366188255339941,5.1436243396837975,-0.2842448405678865,-7.183334197249633,4.025479345239842,2.144230601251805,1.760434942455502
12391,-26.639472795865228,3.7346773362808774,-5.58655529203626,-6.611309042228734,9.19739189597537,-4.139736863027757,8.833229511408975,5.519595506573251,2.736368056413845,-4.324968203349927,1.8144459340518553,-7.161303732604938,1.0918408667049029,-3.2071882066778215,1.6375955447404207,-0.12748840316430007,3.897355358001489,4.196592839533692,-1.9725700680958853,1.7922053206078115
12508,4.527195528472827,25.261534560435837,11.706429298625116,-4.565178736783476,-8.613596558577246,-4.810187761311853,1.057197254031039,0.9035908215564494,1.5756421429044285,-4.193559321516902,-0.7042420542505353,-0.19092248072724471,-3.4514675550046503,0.7763411279596173,5.419460587698614,-1.7547778717805123,1.8834983827639746,2.3486004278547346,-0.28849198542304244,-3.1719747220952685
12741,-23.66790506924216,7.5232612178932134,-12.087632683775633,3.1180261539889673,3.757053320807336,-7.765984887052247,-8.306443625802427,-0.8604583179999729,0.21503305428131292,3.59406620071182,-11.46706982968242,-0.5475794364768739,-2.8450665229624024,2.006173949571401,1.0264215384166817,-3.347176061338456,5.691382917560533,0.1978562073841779,-0.9991626588031693,4.164529049153648
12844,-3.6912034632265196,-4.513786021291988,-3.4613742338722715,1.0000397398406844,6.80735166284462,-5.640696142729337,9.173905506544191,7.119718755615254,-3.8792880184851617,6.219531718552069,-3.984828131620318,7.810507972047761,1.5896201438814965,-4.110442368437682,-8.871192721997401,-6.070465866099149,-1.9162730577106617,10.735830282391928,-11.528399399405243,-6.923247204730433
13162,-15.462334392670916,-18.217192413501717,-12.437776355317267,0.6589101931150363,6.394879963422583,-19.074630948989043,8.956028510816179,0.2838871580737861,-2.7401229642231693,0.253481539049527,4.004826001928019,-1.3603545582747267,1.9297025540279016,9.627610712622118,-0.5018723618335802,1.6762804191306444,4.380015063306066,-2.7594841290194356,-4.073047856845031,-11.867425318628628
13187,-3.4993482033877483,3.1484198610471155,-21.992407494506775,5.987501425766232,-0.3193623614393019,0.19559780972439267,-13.860199757753078,1.7719564606736555,-2.7891600260515275,-5.039130793546394,-1.2785545398390845,-1.4979620130849967,-5.361139454334476,7.13806977840566,-0.04019080830638318,-3.04511265311381,-0.8285376073013033,6.268361826311733,1.810944930310921,-0.42525036326083593
13207,37.00542041134135,-7.942177842654332,5.849215743442749,3.567687670620953,-1.3620892461944076,0.8221922739207606,-8.32856236332565,-4.016490603694605,1.533740210060224,-2.5853963397095363,-6.7063322662285065,-4.360338041618293,5.300595083902989,-1.1666283385742804,6.022082232691869,1.138117032723611,-1.2307186778424073,2.012070562913632,3.1550035678516166,-0.6175693279715353
13398,29.7024771598073,-10.75508292867123,7.719716272334391,-18.37181060122175,-8.407758505978459,3.2458450009617263,-11.153381462745886,-1.756944652663377,1.8118964480056037,0.018358646468291412,7.075486721513044,-0.34980406816599086,-9.043778432097515,-1.4311437965218976,2.4597214803319902,-3.5959223507248717,-6.730665190096417,5.56420575007629,-4.2858988349853275,-3.1277889565176316
13546,33.73217180599226,7.831423892835856,11.324000613830115,0.8717717658455237,8.241382043574754,9.998371111895537,1.3629144376457794,-9.836186339977495,0.22248373042526234,5.030326152477158,-5.696762525035107,-8.07924522885872,-0.6507235744828215,-2.7193708897278652,7.634483474855284,-3.831654471464324,-0.7479725575812721,1.6835767790586602,1.0723398282729515,3.021605791090353
14066,-1.2092202764868114,4.258203470797141,6.551947880840098,2.7912896505603517,4.867164017838241,-5.5360597900542725,1.8028714855516872,7.446155024876837,1.4894562654797932,2.6916013619444805,-3.235254838759769,-2.58956445810919,6.46914249963951,-5.66948039694231,5.728205106354792,0.9046289122598298,0.3526230884750138,-1.7586927017659986,-0.4987168716874707,-2.069429305042852
14257,-28.47968740823559,14.774041326232105,-10.57797399704005,-15.398797495058803,3.790018166001932,3.4511062053472843,8.487668751266828,3.9155785280547737,-2.6029308525634147,1.5635719231928353,4.964957418816751,-6.224217027051597,-2.1115736778119087,-8.89505148776928,2.234298819914872,2.8682337658843564,-5.059305425830303,0.25128124533278184,1.3598045718968161,-0.2904274912375158
14286,21.849212183058285,-10.814584631673236,0.1543946076091895,0.5604378040836775,14.78317548795815,-4.30039298336571,-1.5202836222974452,0.5159685432142377,-0.03451787077463389,1.437610997033014,-5.70972513505849,-5.914227012285047,-1.872896711902535,3.333374757184598,6.43905769234831,1.2417616993175753,-6.095529523561501,-2.096823594038864,-0.26691433325433356,-3.6894729383217544
14296,16.937186261223317,-20.755534127667303,-0.5301264668354352,3.3292213193724476,1.4184569834692928,-6.132811190859582,-2.9074022447617525,-1.2903520586076498,5.28169664689836,9.876834622344344,-1.2677967435761277,-13.229878056468722,0.3481606724238338,-3.18168724607411,-2.8660320567988675,-2.075948676084488,3.1727455345011677,-1.087114649590053,-4.044360888837842,8.176213430177688
15448,-11.525870832392075,-14.606379137334159,-8.652706977880996,-6.576323883984748,-5.552831701298107,3.499541572835653,2.137970911106324,-8.461349362656556,6.872911617132766,-6.882272474736717,0.8863330794759635,11.888600672486028,-5.171676478793271,8.121107247584554,4.965967663280411,3.113238196506836,-2.029190826283051,7.0145557556716245,-8.998521304674338,3.4011772184039755
15600,-22.303402844246452,7.290191719211117,-23.53033118406022,-11.344027423554023,5.508227141627364,-5.860486016561051,10.832080725847101,8.974481097889816,-7.177485817725796,-2.280199932886177,-2.665754111435836,-6.115536229886357,3.460988082579862,-9.117285318716181,-3.217849706840957,1.835033256889342,-4.462011711648822,-3.807150466867424,0.29531932254870435,5.71698684089729
16029,17.00361345512795,19.26570352548365,-15.785619871833235,-6.567144104808066,-3.8265888763313507,-10.506218475211995,2.580221527184486,-7.655394661913581,7.9333774320529775,2.0223918162306123,1.448083989088269,-0.13441470524047477,5.126387715897173,-4.27899136519539,1.2284873405802736,4.694654143250388,7.507448141457054,1.404348813378063,0.7899077231917264,7.0730174261645935
16275,25.284993419288323,-6.85407985850621,14.162230232821923,13.837056685903697,-5.802274141072617,10.575156811682216,-3.935507357740361,-9.79556308918192,-2.1937738090237153,-3.372570276050851,-4.3272380346822645,-0.9011205471657602,6.116898998303376,-0.4844267519922642,2.9430630425787574,1.1970162891956584,-8.832619193217868,0.9090962969817656,5.814374582522174,1.6925317014428454
16301,-10.28129379586834,15.865190802543141,13.050277923953836,4.799609579763312,6.29198770506972,-8.906598053683666,2.1616015627009655,-1.8771560240253324,-1.5295147055752107,-5.5395108825672095,6.7585830569970415,-1.8635418116695623,-1.1756167613279813,0.6911081252270052,3.4473882184628852,2.0753505063754734,1.398010409208513,-1.919161527525573,3.636189137338198,4.142218634529688
16666,9.215521553335838,-5.910100151746097,-12.05164196008603,-4.792285734276596,-2.4898887229396496,-1.3557707674740056,1.4165519647028288,5.467154774835091,-4.393519553976093,4.20981124659816,-12.456253497038963,2.167087950013219,-0.7753784452021507,4.310687730500131,0.7482673424732514,4.0642437395012525,-6.754183111135946,-6.855882757351443,3.111531545520069,0.5418770316770514
17008,20.79977972828193,19.613634068579085,-2.8137225196933078,9.404059401158662,-13.006922714717463,10.112697720774937,10.01583558141566,-12.59501326173563,-1.7645202552912356,3.4310314990520148,-11.280836101415863,1.1797594069723176,4.682246293434538,-0.36154964994405947,1.4130620740986477,-5.022479916658896,1.9763241916677479,3.2810841342686197,0.5497573408357166,-0.8854041003010863
17769,18.19831855256118,21.215228122880347,-19.541582740835466,-0.26755440679916975,-2.319163911027559,-8.06896062165836,5.156068366212081,-12.523329882917283,12.414306012627467,-0.14024504763378393,1.8383428543176985,2.402675311753215,4.104554096308396,3.1570604143630674,3.4875003500376134,-0.32051954378876124,8.445289231398768,3.268279965684443,-1.7245804020710147,4.863038743727852
18554,3.6336896216895034,-0.26487316935055005,-10.135731381224074,-5.5461595284491505,-3.6534640560497578,8.202106758078836,4.033905862568541,4.6946574158316965,1.9837170263042478,5.285496585874917,-8.285789897425941,-2.627291204082915,7.323999126404408,-3.077457658135402,-3.6548008818403845,6.517471965536413,4.14554667983334,0.22657323861329423,1.3418393546445067,-3.333401315436664
19309,-12.671568217451364,-18.34088542077624,12.05436951006579,0.5194816121435843,-7.233511554993201,9.365985265501857,1.5964986733598734,-15.282820026657703,20.37737841732044,2.796042492864233,0.4686414793797477,1.1291362215271743,-1.698338646070223,-4.501928262409932,-2.547265414113032,0.1577927368706882,-9.605581778040952,-7.207787454364508,-8.430522099064904,5.596034340818324
19460,19.575643981062857,13.867989659114231,-29.16154343499343,1.032946239599856,-4.686939140534248,-7.961121443050095,5.086853388149177,-8.497468657006555,9.181481754938634,-1.3714390842741506,1.932846293223261,5.326063685516789,4.359495226619185,2.0516280171361325,2.2390713743942317,2.0793809113601296,4.651951650651067,2.4404502011893383,0.5815792022802899,2.2170757169477104
19707,14.487512536459892,9.366716052605764,19.619309200481414,-0.1563793697197132,1.1623146799743695,-6.483591178333287,-9.702967801933909,10.970280031247212,5.437218849327672,-3.97645965822797,5.8925817246395,0.9252229865709066,-1.3432084431633555,-1.1175399257094967,-0.36152544617190674,4.5830314506007666,-0.13720671619149763,-6.296981205615615,-3.8079972796473984,-0.6712317595630534
19878,37.334930000526924,4.475954543546551,5.453324301965834,-11.6495770656336,0.8780972140625496,-5.269603707115248,-2.249780337913017,-7.182002862179941,5.9215987499314,7.570322250588559,-0.8184483793034838,-1.340177796545804,-1.4227774815561172,3.23626104021934,4.314829559817538,-1.2474756410542926,3.537857915513676,-1.5982240761395796,-4.51989425844427,2.0962611538635247
20083,-2.4607924119183213,21.48594763220451,-14.066566266756972,14.248472138924257,2.044004804130454,-4.131846117781213,-16.360297812696558,1.675178669604633,-4.269024255906706,2.1626846437725824,-5.957625192211969,-1.5579286861298043,1.540290016905286,-3.395410929999133,-4.40453313964321,4.5359814243244,-4.114946928767498,4.0124656459588675,1.2180320456631815,-1.403905741200689
20748,32.38301889435266,-2.764719940174169,11.057334316124212,6.748039298782532,-9.36112395998534,2.851066518277666,0.27002785424437914,-8.326187234749694,-3.220975645980547,-3.307368909589812,-3.475748428269056,-2.1271418431803464,1.3122053620105614,-2.355793427202134,3.303978402349066,0.3692888595126591,-4.871805236756941,-0.08293412980694505,4.087437053630124,0.10464223030740873
21009,-1.3165673060723728,-12.164972882817246,-5.066641531531117,0.10384578921769665,6.429789468093755,2.954607209901921,-2.2099439903339517,8.581067760251921,-1.7211303492347239,-1.976438533030748,6.62277219281144,-6.1342962757408035,0.8198218776843414,5.786047112667425,-2.119645426700553,0.013043997642806974,1.177671352240144,2.680210571385779,-5.115186174552981,2.738751492151522
22201,34.04980943560683,-14.52073476552848,-0.7026589043093794,10.838857997900341,5.905230805417971,-6.664195249201451,0.20518589280927516,1.5269006004174845,0.26732900338277377,5.517808205555818,-0.6371173590043134,-5.49139276395351,-2.82402950277522,-1.8982611823391604,-0.5886898358765171,-0.6901034082236451,-1.2073043912520691,2.8918390381079675,0.06143806453678428,2.45594296534986
22217,3.9948759680889254,22.866285355319157,7.547619160355805,0.41436868012598516,2.5649260633902733,-5.8671878774250485,-6.158076867503903,0.5253966412593456,4.800548508002997,0.790576920677704,-7.449594660689021,5.949618810887734,-4.311127706275188,-1.8459176808499398,-2.2932106653047066,0.09814976010411353,3.1990814521409896,1.3184509999455676,3.0783464902524766,0.7555235045216933
22386,2.8866766967890003,16.66131008325899,11.04798764483064,3.2676513151256645,-3.2988039241761853,-6.967808040711997,-4.046188676552584,-1.295980157801713,5.040422190704965,-1.476350305713213,0.34223197801773975,0.4279320097658107,2.0757395740679656,3.5023124191949884,2.5797429005821892,3.0880957309193517,-0.597590863881502,0.21662595157563339,-0.05896971607535197,-3.669623107816271
22556,-21.04561194136838,-18.164001067527895,-22.72950512563215,2.7471447914522154,3.3352323920608926,-20.78406935926169,16.347317421900218,0.9720901460610446,2.117586329324347,0.5654418431137477,-3.5713659460127234,1.4640457377947218,-4.462658048257193,8.915866594879748,-0.7600147556808046,2.4585593177259604,6.538835240832523,-6.884920218211074,-5.716371861509235,-9.387277120371593
25612,-23.69487174695898,8.002035217151336,-10.126948462737994,2.122681993363766,7.466148819861373,8.764444227281764,7.880542738743457,-2.72203506113244,0.4694823625505129,-0.706817526820026,-1.3330233681370327,-6.9569736008063,13.727528301829373,4.061317908761307,7.780946702577597,-3.1684927288833116,-5.491684750967091,2.971802765764671,-4.245693774257398,-10.039069097272726
26447,27.94796980918132,-8.308762811303191,-14.045174750218049,-14.160223399134981,-5.132367400358262,5.574668201037906,-5.950431699745013,6.7788133117443685,-2.250179505528174,0.3307623559698885,-4.347573283182548,-4.703181081211889,-6.4636013824192,-1.6739408775734406,1.4916853873185187,0.7191790110002074,-0.8943153437933226,-2.6722313571150145,-0.1093506969700917,-1.0852029849943823
26808,28.76512892740061,-14.093784993660162,4.604523465059961,8.42735557093136,6.665426336181918,-4.1382353086377055,-2.100407863952478,-4.505185563323676,4.099164182872851,4.981889532576388,5.98041189352692,-8.973028328563585,-3.13173327551696,-0.45917798084148526,-1.8650989507376183,-3.6656281032463762,0.7032875292281358,-1.3380292371694176,0.1710130720446633,3.469058444217404
27867,-4.519569170563705,-7.111479813086148,-9.77272188192421,-19.93069448263996,-3.560322577378288,3.344389890222805,2.637098391198478,1.6737399352009925,-2.459282634206937,7.226095740642608,-11.603806763823023,4.311625544614955,-1.1227381387736262,1.2173284052931903,-0.4017120965219454,8.660295612192355,-2.390793984371185,-7.166313620682581,4.630244881347846,2.3159574712311684
31244,-3.4909486453369833,-22.096080466583327,3.3105608029604277,6.0440819461311674,2.239067419812304,-2.4246242393288306,4.988148329601569,6.920217025397593,-5.846714485822503,-9.089060310724559,0.7571983427209423,-1.8506464146234778,-4.940357166995469,-2.9226740025806945,-1.4427664597154164,-2.6634273716654664,4.206553880995656,1.9788167354119044,4.426066084891816,0.6191973887864728
31246,29.721704127121615,-9.35151113284762,-19.809999189216466,10.265693829196652,10.992502173998407,1.2371281012156516,-4.189177792273673,13.346980121871708,3.4273454960814,-1.1596699784780005,-2.551687580556083,-5.052998863290495,-3.443215129261963,-2.3731432855038364,4.577967610288483,-2.5190747632609782,-1.6176616198135494,0.4437003705458654,0.49498488303619537,-1.5642134240113497
31249,-17.265188561958112,7.202257430691264,1.7044111632055787,4.453846520520702,8.810057820670208,-9.56919047128354,0.9342715421848823,0.05312453677215128,-2.2153822917601285,-3.8918262050197203,11.269917061217297,-6.343349387087448,0.7456757414591583,3.0047157723394085,2.0918676229449154,0.7077566941960953,-0.748409162966343,-4.145788049339915,1.1546443646545415,4.140276116210816
31252,28.75217331404425,-11.171663510743802,2.628173950080166,12.088826516550672,0.5453389675809158,-2.9386701170501346,-5.27559652073126,-3.081346808822296,5.189306368072004,4.594341492893516,2.291188997749962,-6.51351225427057,0.7550143350043853,3.527422839603486,-1.7420257635356666,-4.374747140391051,-0.2099970045594341,2.953453955167112,-2.5427548046445274,0.37229490446482355
31265,-5.633983989353395,16.209566220550442,-2.87164120191005,15.061919933401217,-17.66764107787632,2.9187120185398223,7.325687873764496,-4.735462379311612,-10.639464923996202,-0.04741071072786081,0.7553350595194951,-4.733661251052162,-9.776790655854965,5.2048494275468125,2.4028460411180417,-1.1924659343234119,-2.7415774701087883,-0.06171437489160136,-1.569242866640152,2.0205205807951767
31272,11.976021708670773,27.138540740109914,-0.842312562013605,8.102030369093525,-7.54254541706407,-3.8113075637994225,-1.1028914849432665,4.6592764557686905,-2.853929908299355,-2.070580207935013,3.309302211015827,-0.2895576755963353,-1.4358202431167997,-3.5218377364086138,-1.3073783186429535,-0.9384693637330699,-1.0939287832534235,2.971648664589111,0.9635336404437017,-3.5475618341259016
31276,3.8182164313169205,23.813257835731687,3.120816802145897,0.36382129494969806,-0.6161622453310481,1.834465951553342,1.0800242421304715,-0.60223474978802,-1.8802112168617113,8.040727353839337,-4.552256685414762,-0.8732601959961969,0.717012178638006,1.2021170566009736,-3.643894900910869,0.8630872334939268,-2.173761414984333,-0.8802192826849833,-0.8073635372562238,0.6802495929038086
31283,-15.248106606422377,5.140163821059824,11.980828313579465,-6.695038114005737,13.344718185713585,-18.019618162596974,-1.7415647349484522,-3.3683489228427073,-1.710695497731934,-5.200574752075205,2.9935276973818845,3.559306829619648,0.6301964154408995,0.7575213600178767,-6.721713724870564,-1.4103800822435415,11.767277953779487,2.4158590527797155,4.713518435642073,-2.7612211841895333
31289,-40.38103821147232,6.319340257158481,-23.891245263029514,17.840958655443377,1.0770843418329454,8.410112529770101,-0.8232460888716372,-1.136748854601799,-5.6211500653184885,6.388688966302779,6.114212732223541,-6.339757454546787,-0.8851363220064239,-2.8752666090655326,1.1666902842793228,1.1442860328474371,-4.331240964634673,-1.643194054742319,-1.6711554106291775,2.830951873223351
32045,-13.343731628271147,-10.619421517994613,1.3997485620853125,-10.287279518981006,14.108617691333725,4.729593152751196,5.379847066143897,0.7327344985199142,9.631625860218891,-1.801106805608775,-2.2623668155577867,-1.4709793509171687,0.45544214351044854,5.1438019074832395,5.5882957279514205,6.264805577836872,-0.08772981447475015,5.401121736978051,-9.727118473082285,-0.33052162111076006
33094,32.88883605522467,-8.041611652737359,-11.137201176483638,7.617866036859052,-3.4543324259618347,-3.1763446136141202,4.421399059018671,1.5243908611160395,-3.7749113558166756,-2.334807496901645,3.3367774644032977,-0.8715844696684841,-0.30620222149945203,-1.3011150790785226,0.34846059655366884,-2.103449677202233,-6.421724876613713,-0.23110258343132695,-1.2151244729163293,-2.649718811666533
60997,-9.870069619971094,-17.066637009913105,3.6868168258899328,-11.649388809349459,6.226143877278845,-7.081211983949446,-3.061656847495356,0.7708667802664249,5.790775303450206,6.648425819578172,-7.637808954632635,5.855318016860841,-2.8357785323197087,-10.014647701961893,-15.508802007026324,1.5436633948129104,4.826680034426044,7.746641218681335,-0.8284481428294662,6.269249022381725
61016,11.542434530458895,7.714359531373967,-0.09983298015233899,9.112465513356508,-3.092307816904095,0.6427751069528508,6.344255829483213,-12.651838527538377,-7.5800525771764535,1.9585162832187542,-10.217677625435671,1.8678226308310097,-2.1202218688785113,4.91603662930139,5.71064427000856,-1.166332275704633,-3.954013513205324,4.312833561552814,-5.491265935050186,-0.1051714255816767
61020,-8.131440145366692,15.857402520363102,24.276178465634963,-2.3559317239275717,14.925569438351168,9.780057072585073,5.830975332378343,0.9249125060285764,-1.6374558115371758,2.7303886026014386,-6.606113575238579,1.0071310628507095,4.433442480615239,-5.229569783110289,3.0125630959557057,-4.223290851689618,-0.23927168925545456,2.0863037860518245,-0.4916457273681591,-2.486364313224766
61138,-15.838010253501318,-11.075396754526773,21.937881811386227,6.37165222902753,-4.6857673656038745,4.707330897444848,9.222359510471447,-2.3598758600888377,2.499745024259775,-3.2682305783454724,5.635723662907215,2.429048874282555,-6.023988163095276,0.8932923301873,-2.8348341252372196,-4.405513582313142,-2.168761732312627,-1.5187386934387832,-0.5632904943500027,-1.7084998560201456
61199,-6.071450185480844,2.5913935592097794,17.370701855841027,-5.616497735133643,-4.792220182217824,-15.251690471798662,1.892691336128511,3.2011872671992396,6.416236367716259,0.7244946396529114,1.0826630040133356,-0.4044978000950309,4.803972533488434,-8.137344450455547,-10.501264239224792,0.6171542121283142,6.774206405617971,-4.8739967800114385,4.377700997263873,4.871533216801453
61206,-14.694820502611215,11.72571555860538,11.519335899982766,-6.751232603430659,10.388920829407246,0.026801511929838706,-1.8336869569823104,-5.874055375753344,-1.0124311231043603,4.983652987954704,3.836053181557758,3.23782056115437,-8.610550807661312,2.6613860857957987,2.439820379886904,-12.773847015485673,0.5490797624695278,3.9232015425599194,-1.576204406545621,-4.480377259346736
61303,-14.04872302121707,-13.822616711091214,-6.215606575981537,-3.7355153888363213,8.093328329323166,-23.00915289264451,9.357145343202923,-1.5043190653556469,-1.0421079960717825,2.9499787823429138,-3.9861995207264282,0.7721339356817147,2.429776490701541,7.552467463506514,-1.4150666759540864,1.4093005734167474,2.9816884938813866,-9.426768590866823,-6.616987330138092,-13.392901446701023
61384,-13.885700591753649,4.318236088178951,15.965281490462308,7.670509885362785,7.841263663057281,5.018993104844653,11.638437494702089,-1.153040807116108,2.3427786897260257,4.387193554244187,3.879440953362598,6.977350241078597,-11.346975465189306,-6.835150871890153,-0.7067344569214071,-7.225477003910208,-4.856717259810568,0.08411346333000874,-1.6067976211807085,-4.772830006215817
61814,24.19416221891304,-25.55933971103981,-11.011715903096379,7.411450827722547,3.93958413747097,-1.0135902082157544,4.636703330994606,-0.047537174797748404,-6.279052105519045,-2.1203292650626704,3.709042635566781,-1.6635926986501743,-1.9028515945277422,4.344602845212883,-1.6988545483228605,1.3303666731798742,1.2153475170301573,-1.5776769474758017,1.181151402390379,1.0167717087505248
62003,-17.792704751704363,-17.68209469108939,4.569604648073153,1.027059276367421,-9.228827147573417,-3.0217807054530867,-1.759815122497219,8.094543208886131,1.2972027983815075,17.916497309090552,10.19343237358272,12.025136106744041,3.4383322150815268,-3.495202450939474,23.096267339730865,4.241848076727615,-0.9877545259174293,8.977658927561885,1.7494449690474057,2.620692437262809
62539,16.8154244996189,6.920796207789678,20.43254705871718,-6.54577419407337,4.506299755918599,-8.078005221549963,-6.215461358866944,5.60701381263639,5.615590810128254,-2.9647879679368994,1.575751881267706,-2.141249881310479,1.818559329869264,-0.09008260569462832,4.44150185256827,2.682264194537712,-0.5335314480198241,-3.7668954963782233,-3.165403990303747,0.9816304168481308
66774,-23.796096762312995,-5.752583529886457,7.439580530620445,-9.057752644841994,-2.1950581644310603,-4.9474120537426245,-15.058259117783109,-4.357571307941213,2.921107493931058,-12.400849592839922,-3.7362123159544405,4.235429002495732,-9.700794111249119,5.229491064301602,1.4392472273978272,14.12594692889829,-5.726264718715172,-0.17964890551964657,6.7520767301372935,3.2268851920953576
69963,-13.706088416241622,19.32324511168229,8.7932380054372,-2.878730433126741,17.607566684553063,10.34532912991059,-13.265321342863693,7.083978215705241,-7.766261956137942,2.2551831152346695,7.542904723821165,5.192147112661433,8.442909229589837,-5.491494096329902,-3.7830161296443205,0.7659898234431912,1.9408191806011372,-3.300243448103074,-0.5162913804183035,0.04410747447915743
70099,20.60094931280036,20.324060333108303,-16.049424329359756,-9.342305805979413,-3.5228556934545834,-13.943475291300473,4.59180249469454,-10.918581595968641,1.953566356612487,-1.7767385629864119,1.2027406935055516,3.392175237883698,4.086445629755131,-0.9639829466242067,0.8867943513723807,3.9700933125093445,1.397203453731262,4.339429834642143,0.5118894410846122,5.881154055079792
70610,-14.620291585972062,-16.570943865074064,6.050893514328147,-0.394272744422889,-1.3701803083512605,-1.0122776677797245,-5.210990045795527,-0.3211129221294115,-0.18219624683770147,4.38579930626394,3.032083680345172,4.047364766772167,-0.5636664545896286,0.6047741880026969,2.167932314516286,3.051606177219802,5.540910757853954,-2.7133638696403355,1.5763203848138074,0.6751961764197866
70615,-13.317752053554837,-10.35295974139716,7.472565635545227,1.7296777532771883,6.573385164458413,-10.85330526346449,2.2473609917434265,-0.08188826543884985,-3.04814023420878,2.1111004494492067,0.8267050987305591,2.973835024578876,-0.9789150788846207,3.8239015452111578,3.2264032954624917,2.700623076002446,-0.2605018456761042,-4.421653574900846,0.3476025948963384,0.6422842330284285
78274,-11.619169196301643,-12.759489575623626,3.4109897668829676,-13.218319621801655,5.543752019375649,-2.056443645356162,-3.216274441127462,1.579412427608609,-1.1773611143361051,3.231393599379248,-0.7587781338907522,-0.9528943802981052,-0.3635745918425656,2.915172869331769,1.7705641525663987,-1.9912443419479269,-0.13314039790622517,6.600270803285515,-5.185931814665506,2.205014314141646
82229,18.25505531722567,0.7097287447204477,6.528400933014658,-20.264383691923072,-9.73898052635513,9.088251337732444,-2.3590677892184924,-8.134465800361744,-2.9434787081371874,0.2695798063002859,4.194378393384099,1.0160286484498735,-0.4610371876458691,3.1918853699310383,-1.0371512886685061,-2.7078994471608637,-2.063068354816745,-2.3579172095434724,-3.6829484025372214,-3.808922438833634
82916,21.77818618017878,13.78357926370512,-18.026157816355873,-5.215262051549237,-5.520729655649668,-3.0585403812722527,4.307339741937969,-11.583899619909392,8.701054617552511,-1.5713517398165324,9.581080472495884,6.432264268841954,6.172235327136953,0.41225523535156183,0.9759333530347549,1.5577103322658423,7.8137598026870405,1.8709746800599083,6.025090588437142,-1.184301606886007
88068,-1.8526831558831967,-14.909143332215864,-5.1205723329858355,-3.4731122820762197,6.795703419761761,-5.77373280644751,3.8521787642962053,6.744597536668145,-8.075537555041935,3.794732175704984,3.030391125787813,-4.937247555047552,3.4347673659134954,2.3697952013982047,-2.4499556201075543,1.812306317549073,2.388541469056997,-1.6948242897715258,-4.567896094042831,-2.526352739729
92831,-18.93212965687665,-8.317921649655217,19.075456882755265,-19.33724821374716,2.818220714747823,-8.236521988985944,-15.030275131133502,-4.633487783965213,-2.7912809659048667,-6.924814017757392,-10.251012470989192,6.77452450973558,-4.062638160801889,7.028348401589007,2.2765195209026907,12.424454215228371,-11.068577383846492,1.6238075746950063,-1.1147894033861132,1.5891264465902675
93009,-6.849985585421365,0.7504069248813919,-13.608843271740357,-30.43063774381055,-3.6362333014473105,12.449739241841216,-0.14495382843546856,0.6996187813801609,-0.6073159612161475,0.17573464073310596,1.2718418032621415,4.251290113881963,-10.219674822184492,-0.234709173106848,-3.7025915786245425,3.183157744830856,1.1597534802777036,2.117622827856171,1.9476441929041057,-3.57294880185934
94060,-2.9907796740543637,6.245691792777881,-7.529735530595344,-11.127039127132452,-4.353882694937768,7.581721716821294,0.7852798410137828,-1.0890251014518988,-2.584424023400027,-0.42222917314150965,-3.5015953640432054,-0.2188170917256998,10.823803649614074,1.2891636782299765,0.9752342479692554,-0.07270608714092913,-0.9082030552826185,1.0895430768834382,-2.222320557651866,-11.102928384344127
98471,21.737958620638423,2.7762629167971697,12.649187786531355,3.9143046899597076,12.58136810859667,4.07058534701256,-3.720258236973463,-5.961445720885564,3.002325534888462,-1.074889693669261,5.812869220411141,4.285260661884914,-0.6088921380975103,5.228425447812741,10.398548454613522,-1.0177165888155761,-1.7416044556121775,0.4666605054821318,2.9727105736662223,-3.931519274276943
99873,-9.810899626471274,11.355039059804904,28.192109699627533,-11.776592832459524,6.876830447500856,-8.597556950445469,-0.4755933882568612,-8.505377337770728,-3.1993193307513006,-1.7424138996099874,1.3785230637782175,0.15328325509325558,1.6759522034088423,-3.6288191200574875,-2.4148589257629,3.2030360687939163,0.46627145946977655,-2.127658134031898,0.30374650773220035,-1.7374365230646522
159055,9.030970523899816,-8.3990617470163,-11.630239703648122,-20.080884149938747,-14.139148262391833,8.650415579541557,-6.7705215785068775,0.12227142801186895,-9.060255236307269,-1.4316840887651463,9.230070403364486,5.046553854157508,1.458478496469912,6.273113309649125,1.0603783559964342,-7.5056398033886715,1.0410815637251345,-0.5418311685253074,-8.791901825009333,5.285084580876558
219794,12.343140305199105,1.3788795500075948,0.10495196513586227,11.526086764583479,1.8179484115464306,1.780747055155685,-2.7017405819163236,-2.403756644234803,12.565239914216969,6.837548663113425,8.483484711445573,-0.4235350758412754,-12.307429987600743,-3.746520760546093,3.6973081182797762,-10.099007825004897,-1.7121752171525333,-0.10526480148662565,2.3746726799750952,-6.322874170956044
251531,-11.252763845002283,-7.532010295708017,-1.6969392531737455,0.04798606095881449,-5.070914401108544,11.218234984241969,2.4110853474411713,4.982525350717533,12.689381287123148,-3.425180652347002,-0.5341376332125637,1.3111979816754058,15.803925587263258,3.795843318449841,-12.309146417976185,10.964470043905363,-5.411802780425436,6.203224409610288,1.35654767525227,-5.295194331218433
261491,29.726675636300495,-2.6093450823186144,-17.42195573397323,-10.970266368098297,-9.380214713958948,7.3237998744426305,2.704924979911467,1.4744273196648652,6.5607601563766496,3.1330311958586767,-1.664982408883934,-2.268114626671788,-4.082458182291725,-4.72155841242131,-1.4276177244899544,4.856416693298333,0.14719472721110005,-4.9664863613962895,-1.513315040894711,-1.8153865705392378
369312,-3.9466661135134493,5.878707593807189,-4.438437455944782,4.413784688343727,9.876897689237419,7.144426943919983,-4.7887038261608135,1.0587722742750811,0.3811673044857271,-4.691732316095109,2.7187816357756893,8.763672185996148,-1.9620380254284175,11.652601903460434,6.759955167229364,-1.2367252849462933,4.409718959413994,-4.485907898111244,6.984927645462448,-3.6956178228559056
439250,-2.3369013386179005,8.614791270000152,-7.026515950651667,-16.871040163500552,1.954824495758435,7.229742791062265,5.131099119555867,5.25237489136478,-8.49531820061117,5.221390169074437,-8.031448830346438,0.5792747270702061,-0.9628522140811095,0.9560333303972439,-2.061905165171949,3.201377256852576,-2.2673541474388323,-1.1224413359124659,1.1725937312536088,0.06538704645149324
439570,25.56722662216874,-26.019095159665994,-6.844367613904101,6.992496328733844,4.367876378026191,1.6986186168108983,-9.37965893288625,4.429844699662406,4.07469560294562,2.411858425692888,-3.0938643587891113,-9.37678566534337,-7.1945610643926425,-1.9878955195944261,3.4000747254158012,-0.4533920603506503,1.6763287330072132,-0.88193615308361,-1.6900037089680764,0.6513090668143373
440917,-5.495978235895904,12.8584417717437,-4.934237057332898,-22.157602770009813,-3.057098748051622,18.58454587655996,-1.094208780052509,16.79884384511837,-10.324557857152378,-5.8527015892202705,-1.7723204752684703,-2.7596253067642658,6.457504417379487,0.8559716074591928,-6.629607254375105,5.794161311115341,-1.9112679349134667,-1.7440070246931685,-6.11923645046699,7.023215004086409
440967,-13.406996696635726,-1.62166715811373,-0.1229052610327032,-16.650127339812343,-6.398385587611626,7.950253340411414,-7.183778451761713,1.4747250630959134,-10.100310538096187,-1.2678153150967535,4.233816139745401,4.518449599945088,2.355413798980978,7.285963405431437,0.1165249363023606,-2.352041803994527,1.7941646987373694,0.4261938205493041,-2.8830037219623685,5.896400140110555
442478,7.5963512235705375,19.35437884638302,14.33581949331385,-15.375349134387683,8.270498624330177,9.943428092266798,-8.412143868462676,0.2540670254134482,-2.989927843269594,1.191777348196565,7.893465049183627,4.876058937388587,-3.676991715411932,7.44607788558973,9.298861997386107,0.41573622918353975,-0.18292876884263937,3.641859896296541,-3.1666702086737732,-0.8529842294993064
517827,2.1991284471426127,-5.820039815951902,8.195745855464374,-2.5671895799889044,-5.101008405126035,-9.215751065572805,-4.549696159976746,3.159763015540816,2.741081306181941,8.481639532566005,-9.156496319912726,-4.149307059640963,-1.3445709184218422,0.49562938687610664,0.8652060168684107,5.184343735762013,6.001984253976317,-2.458349031720182,-4.709432844345212,3.7194970245156047
565690,-8.056736456336388,-1.6885747419178396,-1.8753755673748236,-5.406338395460264,6.474925337113873,-4.8801326270699095,5.632116979173441,6.285636470957389,-0.16640634944870897,5.899177316087458,-11.247050491062405,2.5052121694887908,2.819047597394357,3.8371733860037622,0.7262247798324902,4.871451853000267,-4.469768515054398,-7.373904353631476,-0.565637240972662,-0.08339814771128377
636687,-26.089246139572154,-2.802735570172225,-11.461737485291854,21.58866428549148,-12.52539564306635,-0.6744793243814843,-8.131350989392521,2.3081829847592408,-0.6845722195081516,8.36023042068195,-5.642232582863526,-3.8939785294805866,-6.0810217530986375,1.347108702985071,-6.377326318608519,8.231771512745244,-2.8546472875751516,-5.89830112427009,-5.68254895963168,9.138535643339555
637511,12.948972729070336,-5.182234792003407,1.0333663640559565,19.325309788892934,6.126403828923677,-5.902011704862847,7.58452303383614,9.494890019088094,-2.9121768892749373,3.1667381329721915,-4.934133669639443,2.7310445612102603,10.45970538862689,-6.742864355191116,-9.82937838074236,0.12700748032716863,-2.954616312081445,0.3372796336640681,-3.6732309271259567,-1.4759000246587923
637520,-3.287045616671256,-19.046985758951912,-2.878090732870264,17.92133950640766,10.195078732147401,9.692023064800672,10.738901389023507,4.2486576753044325,-1.8301180490968392,-6.409198649215699,0.31792914936747246,5.717254793626217,5.1744253972647085,9.324147673208437,-7.246978213667217,-1.3697589784694857,-3.2456994348707653,1.2491959140653501,7.023196401298803,7.166093592565814
637566,-14.950895364024724,3.8999362424087547,3.749383143230669,-4.534526059196634,6.925712817094052,2.918613176267635,-0.5340167314319911,-1.831349863064632,5.471183035062947,0.4583015982852721,-10.782186224185407,8.074999983506919,-0.5217124983954602,7.327428901946784,5.441449982659605,-10.998413400309575,-3.9474752503084205,-4.130004599107961,-0.19327695877584672,1.6631893203208952
638079,29.888351687924988,7.168647323171095,-16.68820455812451,-9.825723430542093,-6.921662335924329,-3.218896490495718,5.361835494568413,-2.4115195167994425,4.969973356766091,0.6049112446924246,4.876320280359133,2.1435998781824708,5.492685478543599,-5.182641452365914,-0.03169597100607391,2.6475770156779763,4.811345692882356,1.0156581592179041,2.0296276505752635,-1.0321100607355893
641256,-11.265418046676004,-15.528476238640401,10.617977113989983,-1.4439626927107903,-12.843933754692218,-3.3394909311163694,-2.3492260390311097,3.5149906317690585,8.883315708617662,-0.6389775627327302,4.120122269618862,2.6668391082374554,6.524679757174254,1.1591956779098476,-8.171610152144805,3.519795083591602,2.0231091728078354,-3.9283831750821694,5.950063120872452,-4.0072951646800865
643731,-29.04863596284617,1.7295055683426084,-11.121158207639557,24.82822153311225,-4.667257731742137,-0.09943754915030237,-9.978043325124556,-4.687443522321878,-1.9466172568085636,13.288185856555057,-8.406224764587224,-6.150345321801518,-1.5574267971247093,0.8567779012349713,-5.468015754421228,2.816647075759056,-3.6786329431215745,-7.860355153596542,-6.839706428151672,4.757990507369682
643820,-8.972107981330593,-0.9611555065396888,1.438201674875871,4.437871880738629,-8.285989859961916,11.571707187226561,4.139905620551461,18.04171704661854,14.062933284926466,-10.354370342200577,-16.755017999606956,13.135576240396055,-2.1973146607613785,6.514452707505157,10.661886107085968,-27.936909449380458,2.8684748621932026,-13.397752739646341,1.9779981189555529,7.48661125256299
853433,-6.652772842084559,-9.761581238374792,-2.252717511946996,-3.456940443570766,5.6516451092514615,3.5394796045190344,1.0592040154478073,-9.04992050233795,10.427289917365387,-3.824491309762883,2.1371930715386496,-3.031498092289573,-0.9442588188039581,-0.4070684337245291,-2.621690761241809,6.462841920011233,-2.741074199470866,0.06945994479438705,10.468233081248377,5.5364322235137635
1549018,4.9611600446525035,-0.20147721578487138,-1.1694845875878432,-4.303026225764152,9.46818570233463,9.535518036061502,-5.103243830981857,-4.902366258124591,10.717381941769908,5.65987889893761,1.7284650661724905,-4.161169807811227,-16.273355531576627,5.026440069233898,-4.735495252063306,-6.571477070753317,10.604225820933802,-1.424704175273937,-1.3839557591266916,-6.494006767840342
1549025,-13.080032863275035,13.090371706937956,0.8399942340249331,-11.24712056642172,-8.489741653619651,2.536461021003631,4.615132436615182,9.086886220031529,13.575206566797682,-2.609904337577549,-12.565129033305267,9.194469949822539,-6.296534360396116,2.2446259429568687,3.9202387287365035,-15.45374426293471,2.089079557386868,-7.894164667841747,3.1373986080139846,5.93203791767673
1549026,-18.088880281585936,19.503956374564137,4.235631557661764,-4.10304963811299,-1.1363327074861422,-3.451254347310577,10.456690545130593,11.688349663969682,10.599792770210202,-4.710593619518416,-13.742713724330304,11.998960468333037,-1.1833173438041527,9.794663251189236,8.844279655558157,-19.987740015908397,1.8985239354554104,-14.308181280894038,3.9696355450291643,5.905212752087162
1796220,-7.830784044491908,-7.8388367645676285,-3.598663059027672,-11.140968577777185,5.898114662230658,3.916863219766859,3.9043577355819328,0.04729317507580163,-3.9662508138250394,2.1289138583808307,-8.365073128422008,-1.9560038765219425,-3.382241643580057,-0.2182607242721424,-1.6201418630356024,5.914610779028424,-1.5131801680504555,-3.2229287947967977,-5.256498788944203,4.163350616218022
2724161,14.331580905849238,-19.867258244397025,0.5124412855006142,-4.898427695304798,-5.412025663381386,13.80195142855681,1.5142505960761057,21.657142608987137,-3.0911293600035252,-4.487262613474481,-3.81694037808027,-6.2852000098243375,-3.6498793742792484,2.0187589672847683,-2.6940878938748614,2.758774545416596,0.7619595755055466,-0.06845251686562814,-5.573652215142131,2.2402184301247403
3578033,8.469606064406031,-2.962978685362079,11.9806095271483,15.21807298538364,-9.744105386343843,2.619727364631562,1.2394613477308727,-10.420710021269182,4.744036050353637,5.236327236715152,1.921342741547509,5.8868761242099845,-3.7549880945887284,-0.8506843421135644,-5.702844484662208,-7.296371512948269,-8.715914115629513,-1.0214921921205273,-3.2351719595259527,-2.638713212510702
5280435,-9.498422692747447,24.77975736340347,-0.3153831453443972,-11.123805274403617,4.290350701361221,11.16221598662535,17.360546663394487,5.509654316817864,-3.4034767625391606,0.9830679974727992,-1.2101579609872395,-2.526818451522491,-6.671685634228683,0.5580255869886244,2.9488036488784863,3.022076299455401,8.917659092991975,2.523785751216816,-0.3241091537654297,-8.903221806829844
5281167,-7.076231699155026,13.843151419418472,1.0571524045490983,10.562394796599065,10.957369738401633,8.386124478853251,-5.416661448071559,10.186163616189758,-8.491699358564315,-4.508233455332022,4.220295283541475,6.522256005448048,2.296339797736964,-4.116802653596189,-7.583190955974289,-0.5859231699033177,6.621718721344654,-0.9917380265986225,6.935990228003037,-2.356344977509363
5281515,-7.435401605623723,22.454581176510974,-12.679078514154497,-16.548778503264234,-7.809262008479428,15.874204332906741,9.01884653851464,0.792849771209705,3.2903543614475077,-0.621354386348636,4.801279387402993,2.1731143660516654,-5.913514319986961,-10.464845605465506,-4.483142531216453,-1.2187586967776405,-3.7407633148806356,-1.601811560990565,5.5259907318182,-1.50868189664731
5282108,1.9524447530041928,-6.674903082677037,-2.7330568766739605,-15.870881116972908,-10.603149458152771,1.9943891281554849,-1.906471786429882,-1.0197148472221578,-3.5273621325728404,-1.809139170694146,1.0386091160837434,1.9299060378986546,-5.9445464544423245,0.7687791556008774,-3.2508304958971306,-1.3000507103808965,0.5786191484365618,0.3306775332454654,0.9193281840222907,-0.40072465286698844
5283349,-27.492094566415737,3.201287206163186,-2.3342089468813185,11.428442775347172,-3.724222669011461,0.4090706915321539,-4.486696086974012,11.597988188301871,-1.587798006979904,22.4199209287957,11.606356334661056,9.277123046466714,-0.45826418895729626,-12.93241994613758,8.83248607224244,6.49471330869339,-4.286320757052168,-3.4515059143650277,2.5140271114025383,4.408141861525479
5284503,-13.632467166939437,13.652418401137083,8.686598198865097,5.930553908072376,12.759830091236884,11.92108525739892,-12.446983967738062,8.125811386007165,-5.986801109700281,-0.6868013536506281,6.451245800902982,7.112785657123971,3.199132435645341,-6.455288704770067,-7.686704132261744,0.3485422162506597,1.8730955444557802,-4.662119728217839,2.726838328482963,-3.0121108281841678
5284507,-2.7726119783557137,25.820655482147302,15.023114723324053,-2.680229121231703,0.14725902589040957,-1.4646294964814768,1.3445303912971271,-0.6592603990798035,4.853132055425169,-0.13651386966099086,2.5118597671232092,4.929168779552665,1.168926156432518,5.921606371662812,5.035607290328308,0.10086662633274578,-2.0095300531865696,-3.6380686325185665,-1.2799531174146026,-5.658620223576874
5315892,-8.876162998517398,-15.044778546365581,5.08146382720137,-3.452580902730633,1.6106206030545562,0.6498982866386196,-2.915135394310495,-4.223156888382056,5.221638054061757,0.6900025372719789,-0.3041352087495029,16.426734115379144,8.003007792792245,-6.8486521583412765,-16.897020548055828,-4.179183270220117,-1.9156274906244846,8.391169570934053,4.766216525892114,2.3768878260944932
5318042,-20.074034487363612,7.318266062001884,-5.82614702895874,19.77999376744711,9.075387446381576,5.249898020233054,-10.208953687073429,2.787042449277017,1.3662608574983028,-3.529704475849533,5.615568953734215,9.98076225353239,4.665465476497681,2.516292296516008,-9.118201868023984,0.363740629886768,4.001039493600703,0.6356155773575527,6.814602633832513,-4.343801880105685
5321950,18.846087713560824,5.413083495364755,21.740935187509777,11.344684027700556,5.277884255351683,0.8494556819701798,4.96896265363853,-0.8632690409421493,2.4651794974000003,0.13092822927468953,-2.645003576247607,-2.460011416732554,2.3355476303285276,3.5050710343628375,7.02014923381312,1.4115875491632381,1.6342497692013476,-0.337574645571011,-3.4487857778099245,0.47561758578380336
5324489,-0.8329775643625271,15.118629716119427,1.9024808063567735,2.846107883626979,0.5621508207454597,9.515275776975896,-14.34210174006257,0.5979544202685311,-5.218562765284205,-1.8729753413421018,5.4762049990382335,4.4678602659703115,1.5589103990147462,-9.713500015830672,-11.324158054741481,1.8678075096643443,6.834645666575602,2.3101363614847155,2.055544452411006,-2.7090018196056507
5325830,15.792956224409698,-4.028591215375907,-8.094641316067568,-12.044767300118576,-3.914622907055662,18.001113548277598,0.6076579493381368,13.937882108369708,-5.70042238682278,-4.652785379603775,-2.867100059654082,-3.2259872124052418,-4.795087746267352,0.7031632095707034,-0.7447421657021028,0.5626374249339393,1.7995961618009118,1.9300165609931477,-2.709935324741166,1.3912589157792932
5357253,6.901932221874552,29.43595251836415,-17.639425163883566,-0.555359698313439,0.4512603332742257,-3.1960041239180446,1.5620712541244184,-5.998208972549602,8.641326341848641,3.6005057111378562,1.3923375229778365,1.3219267086474833,5.8510417725097135,-0.5269190202985148,-1.033345534585778,4.43890021283443,6.386227980203754,-0.4295157368206355,0.09923952568292693,5.78967850266474
5364446,21.004804772090193,13.878908864639202,-22.520095435814696,-4.187939468331629,-5.76627524502813,-0.8229849940999348,6.574377040464402,-10.424938998716998,9.09413067030739,1.752961200639053,2.2661923395886894,4.028817830473467,3.1214738775435698,-0.9505607684042084,2.3442691827051267,3.4931846537749665,7.676894527146872,0.15176059963268151,1.6849420936531552,8.849668724349899
5364448,15.386513165833572,26.33866322595931,-25.639523241285335,0.5766477992109008,-0.9204491383183185,-13.754300680309235,6.657776098912031,-3.801753837440393,5.914069439083698,3.233990683711077,1.3289839770222218,0.43677628588004375,3.407496803503232,-3.7683658554728647,-3.6820495488123455,4.155748460946558,2.1319978890805613,-2.1991488571171964,0.2590483897809715,5.256458717183117
5364532,-41.07703444754225,5.946920005714933,-4.941540295069392,15.332267513959787,-12.804564448453936,-3.755285285768451,-1.3035574329777948,-2.8564755943952633,-2.169837820368674,-0.4594374734616734,-4.2183260935876525,-7.639891451165988,-2.127578003208934,2.0697785795824553,0.8700094427136773,2.353749388358822,1.977106799559597,1.942378506183262,-0.10578398813510992,1.0559732811405051
5367807,17.485573508555056,-1.42451338406801,-15.10795594138721,-13.119158797741163,-11.862735284169771,11.900994975229828,3.7553910346549575,-7.847585616984923,10.937855346439957,3.329191873107007,0.7383159472379223,-2.5362151153233836,2.1011549489220767,2.7090413345526376,2.161723209199978,7.315871356577745,-0.22780793139504887,0.9146898027716217,0.2895931388597544,-5.780279300158439
5373603,-5.0595933634605625,11.862366098471021,24.082399544411512,-4.8402190808572945,0.07788333316723708,-3.8039375555180848,2.0762456854828053,8.94934699621265,10.23364268243227,0.24603405858839816,-2.8409834532546903,1.4089341653910792,-5.3493503334157095,-5.877957575447098,-5.921490699248991,4.345124092454656,6.38621646024451,1.5199370684947784,-5.6695806989083,0.1949389657697917
5463682,12.589889519126285,27.122736290725996,-2.8327906885619494,9.69750215261636,-5.464859181760529,0.6832364201270733,7.082597220613428,-4.768219352165019,5.172051471461739,6.671221816286026,-8.696362755119306,4.42187530250866,6.131404478331453,-2.1852249263792163,-3.964950639478363,0.639783065954224,1.269544732339412,-1.314237079815584,1.1638227528651388,-2.048338491980675
12315259,-11.245092912084095,7.572239608729807,12.239297284948995,-13.058947246310233,16.138470001791777,-5.555273232892141,1.7280484037349912,-4.251552940305967,-3.157231167164855,5.948379952273257,-3.280360025398203,-0.23563252609690014,6.08460566090522,5.959936474433624,0.07825543161727234,2.8177352049364996,-5.9858015280599774,-2.1942020426673077,-2.0372445130338592,-1.8384561035021931
