CID,PC1,PC2,PC3,PC4,PC5,PC6,PC7,PC8,PC9,PC10,PC11,PC12,PC13,PC14,PC15,PC16,PC17,PC18,PC19,PC20
58,-13.961840727463708,-11.54890190813087,19.059195139417255,-13.235184262512222,10.947807700653469,0.7528894112205056,7.146684379721878,9.096268736063356,0.8644102549633966,-0.9242795952364351,3.7903855932348036,5.926265906561772,1.8123339141582422,-3.201174895106714,-0.5506545748656703,1.672851592548901,-1.465392010682225,-0.5136451028802976,-0.9961734137470584,-4.188195614543592
126,-14.905667973273294,-17.22176636802779,-7.497816365882461,-9.438742001117236,-1.860008754816752,2.2029114384302844,-9.516409671952365,8.602414265615726,-7.422037690910085,9.814066988981125,-3.666443088090968,7.053459927849492,-8.07271717394534,-6.0593842677190715,-14.423112026619558,-6.849602512791196,-3.0365183455084512,10.949408174466503,-1.7713775290707003,-10.545200614349653
176,-0.6198926193489127,-24.720961327343655,-1.8167458362351883,4.039821562043756,5.095569667654413,-2.930598944764403,-5.116207341523896,-0.04404620044753924,12.159549239531124,-1.4749814845832006,-1.2174752246266227,3.7683096876749853,0.524109025498832,3.2591787626063287,0.04929300855094325,3.066286974426127,-0.6674693882903728,1.6901296599078224,-3.487083752239269,-1.8471606858880405
179,9.329591248281426,13.22003042228821,18.632206084417188,6.961556692832442,1.5351538641032294,-9.05765983519805,2.061693395890883,-4.579396877684236,-0.008107754185982752,1.6095155915738817,3.508890097823506,-2.3716199370837203,0.4216084394171739,-2.7623574424777506,4.2481194017318735,-6.507583529596153,-0.3362731847737613,2.132922520856619,-3.576065641114348,-1.0178791996312355
180,9.49599782112062,6.034334069076192,14.584394775163204,2.4056294417672057,6.234736263747986,-4.7966735625205015,1.7483902886846179,-5.35553198702456,1.6870815889246427,2.921526011407466,6.330488626884896,-2.416285693070573,-3.881981247541693,-2.451254648122819,0.2280267561721922,-2.519665887467576,0.5350639824654593,1.481960720141766,0.16196126180668766,2.294498060056889
240,27.3925929981279,-16.984227194750122,0.5782327941178824,-22.07796590194854,-5.408809185031775,-0.12872512542259248,5.636210133799704,-3.521443273868149,-5.230074206789368,7.449355959397663,2.299828467433809,-2.1677875630427748,-1.9453730366777149,-1.7434823630478127,-2.4019750843311742,5.18077010854019,-4.4671798927552775,1.658478818511716,-5.475698255937086,1.0370507345976683
244,-4.0591642892438164,-26.550341798081593,6.2341196423521055,-7.3800884459277185,-5.644865922653955,4.004500920750962,2.5928882243853626,1.4912772232372893,-3.711360549054727,2.378663424135026,1.5169688754706772,7.51039224316732,-2.2279575424937437,-0.9299444386201888,-3.2893085084714317,3.3583512150630077,-0.3207518641628869,-0.8925694185630487,2.206236784333533,2.512079957685947
261,-21.514769963966625,-13.193912450795125,6.26971467054511,7.128888536486882,4.550332706815294,10.542663850604821,-11.195893640556319,3.122853458093869,0.8084572535732532,-2.9929630972727916,-0.8804514998317091,-1.5054118054175596,6.136758876194746,0.6189020609169633,0.786486439616188,-2.288512715608854,-4.434429806252915,7.130103385857214,0.4059002239495392,0.015862014776831496
263,16.1814492981115,1.575158052991127,13.462761372660434,-1.5994932027712037,-3.500953700257604,-3.5297048415674723,-6.275460595773848,-1.0596092430234847,-1.753535691442574,-2.556362156977929,-9.147978505874118,-3.4579083801134733,0.7545673389420552,-4.912958267892282,-0.489053563264559,3.7950545348092395,-2.9711780590125763,3.33050974250801,-1.7551673626448732,7.9120266429485016
264,-22.587863611305224,-16.119856400048533,14.82873255573038,-11.69180286411593,9.129825834007171,9.179765820204905,14.759537862726988,6.144969768682403,-4.425078108055299,2.4438136019507093,2.3637151077802105,1.875903740879915,1.1019943855189354,-2.677178566981843,-1.265988635045187,4.882316262357844,1.7909772452377835,-1.6462945531115805,0.7517081713198698,1.02484781058133
284,-17.250462678373943,-12.601230615358121,10.649289639000651,-8.114398558099357,5.535373322872599,0.05288718596629885,-0.1620903471512425,5.966692442784291,-4.330416184948982,-3.317576173894854,5.424766532920212,6.095304704713458,-0.12249504513449448,-0.26825685942694916,-3.9548646184626866,0.11815228359057454,0.8477696377289189,-1.9690774162769498,-5.2811754365848556,3.505602729449367
356,-4.691838614067537,34.507141001958274,-12.429217689268295,4.129580591015857,3.424593558516687,-5.660409097523226,5.136977370728503,6.570589174679527,1.4202143691714688,-2.4352737356598926,2.0136462838343787,3.113879067169805,-2.441123955119307,3.355915013637225,-0.31857921412328166,0.4465350769266693,-5.388917043643452,3.9267580425265645,-0.8841580777264784,-1.1345156064480937
379,-14.463133479018952,-9.570362033234487,14.124370969350325,-16.492517927047132,-1.104851152954385,5.102272512959408,-0.21650045504778118,-0.8839639609965723,-5.497021700018381,-7.00853249479342,2.3959837292556356,-2.9084250115917194,1.7621975501905762,1.3900921778516977,5.379665306582841,7.166021556517609,-0.8039478932258105,1.9012879987022944,-3.4895566683776997,-3.3810939352457616
454,-29.771505398526813,13.11162295285876,-21.033079855484072,-19.366230794836824,4.020239043343155,9.485736352982974,-4.0531458304742625,-2.6268071832690034,-6.899775782788622,-7.358313133279281,5.787203126502274,-1.602746261812031,0.1682460231206972,1.4809880904975168,2.481397327243034,-0.7734366914085812,-0.14336592156926062,-1.5517571866316437,-2.6615075449705836,0.07043479325397024
460,-6.7142099386616305,-27.228408696042003,-5.828848326233709,-17.423808238033907,4.622440826594078,4.584106138365555,-10.650087629946615,4.780642545377238,-1.9324315878646772,15.468829327631616,-4.170871001251979,0.7718922772865541,-6.911953489592874,-5.084962933051181,-12.618907791065622,-2.1757231265331547,-7.212357845491807,7.783839584527982,-3.643124061873609,-12.003403184625046
527,-15.33924309224533,-22.719258904010857,4.710890523249604,-0.19118232888824802,10.258089859366432,8.27335934536436,-6.39250977018878,-1.4308298482858501,1.5204934416264988,-0.972621413232446,-1.9237121517118452,-2.2459306421583154,3.440694892708156,2.6383205516154176,1.9233872672858403,-0.39005877371712144,-0.5316308571314833,9.413575594128384,-3.785734286106876,0.9576213842456697
568,-1.7915120134793263,-18.5705410153886,-1.4160135123895827,17.128507720505414,4.362032953538204,-12.839586238047305,-10.003668089628846,-1.3144493076188697,3.573829205826336,-2.9935527549482726,16.536807824647244,6.122527298670427,-6.807383846339043,-10.600016592482174,-10.80327974629644,-0.741696443717894,20.020438993547753,-5.24947616180862,-11.637821996374043,2.601714264363213
650,-5.914507099951046,5.846414205604077,22.293990741400364,10.091760052468313,2.2061890067591827,-12.444111509463584,-0.35483872786688475,-8.178796697960214,7.7684865643892556,2.5032321762205316,1.9940602811063615,-7.3521478591345675,-1.1405504868915777,-2.356322421814179,-1.0506542097921987,0.6833409956353224,0.9549619490994132,-1.2181814402127393,1.0627772900530217,-6.686960084741247
702,-18.929713852192087,-23.272959520263843,0.14728314878747262,-2.015191197061223,4.0510948942401,-4.0793616327475535,5.785150800544944,-7.992063788588773,9.006229097849959,-0.8882700458645011,6.564391318535173,4.25652996346896,-0.9797981593043008,1.5787179796090183,-3.861629825286855,2.6613282418654607,-0.20219563349230563,-5.009392058855049,-0.38620044156494415,5.21376419071014
887,-6.436686926026401,-12.576116661369948,2.69750250346022,5.520516006419712,3.2608480778280144,-6.016396923777826,7.849075113735017,3.219192517073923,2.8994319157693678,-3.001541902643553,0.7281733839473322,4.4620989359683305,-1.374926718729317,2.902190368248113,-5.7594169230016,-2.9224937982890746,-1.4156678300550962,-7.630989951404183,-4.301241243631599,2.8865484208906538
931,-12.097132527084014,-9.300063333110957,-0.5288499751000258,25.002783928415067,11.284441254657605,-0.16584426394898505,-15.99837203838964,-5.846135214449763,-11.008140645598832,2.019520556765251,9.856668173538338,12.29233643571931,15.610029524148235,6.347903112105522,-4.7097417362816785,0.8222108538317224,-11.814381851226297,-4.9088852250523125,3.9084324687833414,-2.6196404184612625
957,-26.263018371603284,6.6742555005909665,-22.973478756888504,-18.869862348869084,6.24566833587404,-6.046765732908879,-4.410332436742829,-8.694735204019189,6.768279800387857,3.94427488360298,-4.863895919773402,5.8685779646490595,2.6465875943398736,0.3162930384997118,-2.5498710166460024,3.4926790454471996,0.3620685137769787,-6.496362920821848,5.290863863111045,3.389010896845814
1031,-3.6122815654485576,-4.918783453667934,19.568127752806383,-9.620009015879662,9.889320758363926,1.551057294128881,16.88013897233939,2.048845310443893,-4.149555524081843,-1.7055425475276635,0.37135298874745093,4.150216042499624,2.95462437253949,-6.142754494041003,-4.3832311903390595,3.159924333055021,2.1999984532558154,-6.001801149651979,1.7804191435123435,5.1966067962049465
1032,-1.544933817380725,-12.427870683025699,8.270304227938963,3.504488799991166,1.5142384202321573,-7.566449042783707,1.3156978085906763,0.5245718244085446,3.4344213981601546,-0.5367092018156495,-0.7495386913264455,2.5983269067583086,1.79512532035105,3.8261675507903785,2.9348059394098636,6.271257056664527,-0.8562149256439802,3.711150640318991,-2.2053041751622495,-0.9479427541709818
1140,11.727851668443018,0.3106639538745374,5.96387638855763,-4.933741137379432,-2.1678031589036664,-4.031504167038681,2.367670717892465,6.475341956039452,-8.865449279130893,7.047431406696605,-1.0325049024408068,7.259940002336229,1.273080537518886,-3.5860761344852694,5.179219895829285,-1.4132928228515196,2.2897778872629915,3.536268912828291,5.490489761812965,0.6769829709056474
1183,-17.914441845661468,-19.862279769060148,-12.581564214874973,-4.669408808990432,-1.217474250303521,4.112978987392198,-12.375313402660433,12.604569635543587,-3.4209319662707283,8.601397684424711,-2.597603906410814,4.487222822439197,-3.6569423028479866,-9.162308450736349,-17.40771783283198,-1.8769894532857023,-4.17937989495954,8.2458811095782,-1.2221482088498696,-8.22627287587203
2758,34.57886922907301,-11.81602417253494,-3.2376404877201446,24.59214678164828,-3.173826102694514,5.525846603537704,6.416571459455108,-10.640039732768317,-6.008681775085196,-3.385184958196027,-2.073971389693308,0.8714848959059173,-3.2778119191602313,-0.3305375987674792,1.6679741571865614,-4.387298198381944,0.14734428968337726,-4.776184913693284,1.8607249734750677,-2.1427736371817074
3314,-6.937286288528175,-16.43005956378809,0.07234060772307405,1.963687914000336,-5.9458986437336305,7.937930569319373,0.17199783136673835,-0.4139510219290073,8.663598795499416,4.153883814250159,-3.4375171176569532,-2.805056264606496,-2.910273007783185,-2.8332266033717617,3.3210641902760436,4.602255813986086,-4.206023154084831,-1.6265315381706553,-0.11351443606712795,-0.1357772014584242
3776,5.400586365820709,-12.993803256285378,3.0119686801740047,1.8410892247640889,8.266837618142688,-9.65124365310987,5.983618972947019,-7.49150130878372,0.7396149772814266,5.572153769827988,1.5168994047071702,-0.2053247562659264,-2.8348196568801454,3.8688439304556588,-6.106154153888189,1.1782324636020596,-1.0951682725383747,-3.8740404765115466,4.595902296382828,3.3148911072917167
3893,-13.639783119592062,-18.513150524228745,1.2074821924312673,-5.636578246881046,7.1407857961493555,-5.875803988960653,4.9027479823725555,-12.383178857728325,-1.3919230757921843,-10.785364329577952,-4.132751672513371,1.8463000043644666,10.6228341171004,-9.379093323911041,-2.080035490715694,-11.901443089973212,-0.0193180253307229,12.467089555764467,2.110736037912786,-1.7731525492036142
4133,30.43055499496285,-25.500112474435984,-7.896480066997752,-14.804094138433973,-4.559523928044777,2.1711513815933823,1.347702933386989,-1.9629343496690315,1.1232342642595312,4.127266827296339,1.907870932364743,-6.650955275011425,-0.16273889213449289,-3.9588761034683815,-3.6332296690253165,2.937447115604902,-1.3051072839082967,1.5663394418458214,-1.5184824954388372,3.457669224156697
5634,-22.021126952258196,-5.791697329949748,4.605640957270607,-13.336761271353643,2.312189166610038,-0.03624432813427249,7.724415928982853,-13.820553038428313,2.957222821466309,-6.506896889724685,-4.784064301352192,-2.8981443394703477,13.827734510335853,-11.432452518531457,-3.9376427256715982,-4.069540979569908,-1.280089869731642,9.03817075123901,4.531930394011351,-3.0762254429510265
6184,-21.679824306309992,17.02024068373293,4.643803997736788,-12.71271176224358,-1.119140322162041,9.753890982778069,-2.4377494809438023,-1.1777438753288139,7.750223333549639,-9.979446480668079,6.7073762898032045,-0.32918304328954423,1.9219324487229041,-2.869010509290993,2.021272862486476,2.8503424200564913,-3.6587211828147823,10.466407189154848,-2.1257701894816368,2.9677339645910337
6276,-16.455822903049892,-28.327675224922384,-8.24646543615543,3.544966952868495,4.256810742313008,5.207077825661831,5.04547754073862,-5.871166024959774,12.650206027306778,8.64921841751293,-4.548769095899394,-2.5650098881234853,5.099138597296824,2.1459445838426228,0.46751726949403516,4.276092770747527,4.27163181383507,2.844293183301387,3.991978312634183,5.449630393250685
6386,21.292098771802895,4.859652124883642,10.852015661259742,0.8390322757654514,4.729575819802244,-10.778351685353657,6.36310380263724,-6.54961412981899,-2.130358660995549,6.027387093366669,-0.2814263609463159,-5.390645872365398,0.05110796459258937,3.2818624415298077,-2.8586412697639374,-9.391822373807928,-2.420110366261878,-4.152766147688004,-3.2565259289870223,7.7286614935037825
6416,16.86898478705297,-23.466866207930327,-6.681444471789927,13.186161765780913,-10.220777174436884,7.24468626539237,6.206235763024739,-3.102232785967248,2.3517023260953964,-9.654738949734574,-3.050244880735714,-11.113682837142655,5.901626414137171,2.7266515820567,2.354061626736298,5.549293307750111,-5.813843863067304,-6.527015100869619,-7.540580223741391,7.224147171786713
6417,-6.5258388003332755,-5.52791620606131,12.519548823036784,-2.125169022221045,10.101540673137702,-8.094672519687455,9.838201835113145,-2.083085724297442,-0.4457483185415433,-5.392821077545234,-4.81069349373738,8.105359724629208,-7.471095727465591,2.4261481861078766,-2.2519261044384775,9.121171172670293,-7.077583720510136,-5.3087406842587885,1.3485221119460664,-1.8832704670997125
6425,12.368320530117026,3.159676818405076,3.7621799220997567,4.516665174090038,14.139622487695814,5.412726244989138,5.156682124781084,4.0411106103086345,9.29535685926905,4.011661210340866,-1.594449359607585,0.3096651000343767,-0.21962568114352476,-2.5796206944790736,3.7967735053896283,-4.114854934841921,2.5984482407670293,-8.19717913799959,9.001017227746582,-3.0090566324171526
6501,-18.991466540557557,-4.7646666508517015,4.286131798451885,-7.822511120028004,-3.0204821806770914,12.128024903057101,7.090862415180658,4.209282282655236,17.28295907118793,9.756404873687234,3.875296267775782,-11.701033965675029,-5.229848616659011,12.190966172029679,-12.831524941234138,-6.811807450117338,-4.8666836388919705,1.334402814519742,2.7215089109025796,-1.8612088372778473
6549,-2.1506626200630437,3.130011179280311,-13.277659384143995,15.159915415192243,10.031451403186567,7.116473396433861,2.6340732596838,-3.4642970937766133,5.650772353149074,0.5171578561457189,2.2683279710913617,3.7183188156625566,-4.0982101586800805,0.6427255168151214,4.471700921625637,-0.7378515373998418,2.9310469993089345,-1.2423204749943315,-5.469172348773035,3.0866824084686075
6560,11.933454301869821,-11.241015440708143,18.254930073807863,-9.521174093087282,14.341632599215796,-2.623101369849935,15.421498220969633,-2.6840978435790417,-3.4040522383920386,1.6580332605151187,0.7632718086403862,-0.03440485468416163,-1.1730607733982295,-6.278250334651299,-6.275276765076111,-1.0226781610250646,-1.250099033839886,-4.165560352751433,1.1985478130145164,5.426091541573749
6568,21.292098771802895,4.859652124883642,10.852015661259742,0.8390322757654514,4.729575819802244,-10.778351685353657,6.36310380263724,-6.54961412981899,-2.130358660995549,6.027387093366669,-0.2814263609463159,-5.390645872365398,0.05110796459258937,3.2818624415298077,-2.8586412697639374,-9.391822373807928,-2.420110366261878,-4.152766147688004,-3.2565259289870223,7.7286614935037825
6569,23.75969080401347,2.9583166153290748,1.0132303259471447,3.080042413160643,0.3860389888943171,-1.0762381542052217,-4.759416263750775,-2.8832502690672843,2.99778521596897,-0.6895426956270151,5.825819858817442,-9.030820821855128,2.8888205941590654,-1.790459712683884,4.4829575836499655,-3.2351064050291254,-2.4937478402541347,-1.980517726662433,-1.8857238292860719,-2.8461445066460818
6584,-6.038048963367215,-3.7043289016183683,10.047098678457493,3.3355398076739284,-3.871985277944566,-3.990241423464862,-1.7191965748265803,6.2118014262511325,0.43361741929743103,3.163454277669359,-7.658621378826241,8.276996971303136,-3.7086394608468622,5.952234400290912,-3.1207672133550894,5.673559565797486,-1.1480339446576633,3.219237746977783,-1.3890009430044132,3.3555432787851704
6590,-6.3075697322359705,-3.791007610282156,24.373689167789255,-8.3057773352507,9.15555860233851,-0.6631663423323076,7.583730584093062,3.339420366772948,-0.5553696153832874,1.870649896649477,-1.6125567770298135,-3.1825473786099567,1.4228017819359928,1.1742585302528412,4.330059445173072,2.03658379026618,3.2105234724718095,-2.0777078833477662,4.399692823740364,0.5866109652269722
6669,-12.521332594635712,-14.298000153677616,-1.1153633600934056,-6.690338914671216,-11.948880223428072,6.289792178167201,5.309118457147186,-5.364420840232701,-1.1671466464634488,7.47630042262138,2.874000288960853,3.7629350977341867,14.024237103062129,5.011482638206484,1.0625519788520004,3.003511123814733,1.1783628702230007,-6.614868456759692,-6.027425150072587,-2.2327967261594495
6989,-0.9662351646873192,-23.12953855084804,-3.517875619533756,1.0326922973135788,-2.505316976275004,12.971904548858165,-1.6487520708968568,11.481718181286096,6.511776017306325,-11.13614190371392,-2.6857797992059314,7.3535686358433425,-5.538239486118642,-14.510285249897544,7.919364885407994,-6.092833727784777,5.049214633851996,-5.222988460680835,18.328093955687738,0.6225340888684681
7047,3.2780097713575067,-25.641869646417152,1.8590378820969324,8.621796983691763,8.018656316680229,-5.67782419899723,-9.22999455296504,-6.879490757915245,-8.763331458546084,-10.452993997895293,7.546775911812545,3.7818064191581566,15.54442325663169,9.022817778516929,-7.984167289987088,0.853503218848406,-10.781004371812438,-3.8628321924512203,2.7492130528568244,-7.035480436659823
7144,12.029388567258184,-22.28222780068138,8.846427495999253,-13.390210715918784,-4.019402732212831,-8.518962408229092,-1.6706868545915536,5.297649788510274,7.042164689067463,7.936104427378332,-2.745174594899824,-6.195414338763189,-5.655066296211284,-4.299076606716937,2.7257589736161822,1.4329468368405913,-4.3217455960079105,-0.8344005674252609,1.9972320492622295,0.4536538111427244
7150,31.200301680735873,-21.120173212672928,-4.555916765355271,-19.95636584606652,-5.261487367055322,6.367433170995345,-2.2064115624929075,1.071545517061543,-1.4715491874636362,-3.3552058135631926,1.2526733710723024,-5.501835310839138,-3.1032487918375735,0.8423475271405126,-1.689401695131192,-0.04532382756101147,-0.3033072178261732,-0.8517619696118114,-2.551142789329695,-0.8698866109480554
7151,-8.436726607600843,-27.92407522293091,-2.521930088747775,-1.9273056199544192,-0.750505367386554,9.426643956063904,-5.921955298774216,9.381588602801713,18.41124344662974,-5.838095937934363,-1.471359144712707,0.24823467970443347,-1.6462018704116514,-9.378556792085439,8.836777740148783,-3.8011363365290673,2.7021361165699718,-9.050339368111798,13.283066268977832,-4.026731206789362
7169,-12.705855642980072,-21.09882804416087,-3.9481777445908075,22.720315175018445,3.5771552059398863,-12.349059881289381,-11.884877243335755,-0.9212441486941575,4.6481906245972615,-3.7785236994925544,21.54686365939789,8.284931522039448,-7.479344330223901,-9.387572839223775,-12.696379796360485,2.9879328190482557,18.500632557623053,-7.727184713105861,-11.629357108136494,3.801460013579775
7237,21.525294569738357,-2.3011114027521224,-7.602305572688115,3.812060875764477,4.341361712773031,-3.960059676348539,8.18871701451713,2.461915391982776,-5.205410312260044,8.088660641306895,2.9689281369327323,7.113819663354649,3.0755247614764443,-2.304868625362102,6.504033162047992,-2.1355968283627975,1.5967674586533047,0.07249737502424655,1.3053750972092848,0.5827437544624635
7247,19.459830211503863,-12.043698700538119,-8.18594270131321,12.966765606762399,3.734114498805923,1.5447966000389262,8.983918228385834,2.461723094655403,-10.145549062917786,3.7505286811610503,2.7581136298686824,3.004566794578598,-2.2735372314864373,1.931455848456153,6.47358094889519,0.3490477434339812,0.12380302644865683,1.561766719004038,1.2893342927727998,0.2080533624294694
7268,-3.1901969026744244,10.56540971100673,20.069421695374217,-7.569590504757647,-12.405150631784016,-3.028696690987518,2.34160656245886,2.528797862447643,-3.264126857932757,-2.5953659365003303,3.4636978356085883,-3.470907915878528,-1.228729977223023,-3.0697914150377503,1.1101282394518257,-0.019985233361818087,0.2297440031133427,-1.6387995116577931,1.1183207895790315,-4.677408063334205
7334,-3.6194967069524675,11.100862715515865,11.02866958957714,19.986116191123187,2.3083148537089526,8.328248357537682,3.8807671928495973,2.950744242163985,1.5358522999743958,-7.420405471951488,-8.601811029951358,-7.198812073336548,-4.370858956536552,0.5347933797203905,-2.5105495001252365,7.933187122959463,-6.387878732197983,2.5311612293216843,-4.763860729602526,5.432987766429985
7366,19.188316036277488,0.9917299444555163,-3.502285692705414,15.898396944012667,1.624399055973121,11.993358520944177,-4.132224407284426,-0.3349565676569626,-9.515644631397493,8.685513691286099,-7.607498191610949,-5.293637770858403,-4.642434082032962,-10.323430649813124,-3.000261751566243,12.806870875683474,3.781759691186372,2.5646376267152653,3.305987099567092,0.19160086454688638
7406,28.057804132558825,-3.914273006875408,-13.920198965854132,6.550925136760616,-4.7482691418432585,6.733972428556258,-4.112996505787413,-2.2724037733984224,-6.181627897940518,2.4262644918192526,-6.120166790035973,-3.5719553734282976,0.5234949587283211,-2.897154033688679,-1.5192334522851207,10.221499845132147,4.235242734324786,2.4869209664830105,1.8645238799291475,-2.0360864083521792
7410,36.592408722055865,-1.5663540519624741,-4.728090650666114,-10.240546298054634,0.7340684241807084,2.086919253436863,-5.393485448829086,0.5619909919507368,2.4946927217194546,-2.592214163176211,1.262332499099413,4.840295225509454,0.5736456177145742,0.0399121635241742,0.5891027641242684,-0.6096684004647411,-2.3747167039254213,3.5953369944558915,0.7517509175149624,-0.6216240865084793
7460,3.4158959346864046,28.9127394709998,10.07055216628734,13.985662948014623,-2.447173284791919,3.721980240307297,4.412031058983871,-5.839161443362854,-4.637689703404389,1.4244451650026355,-1.896537976580665,3.946394082342428,-1.777851858273619,2.681679504934845,0.8601535489420277,0.6723710223956952,-0.9725564924119405,2.6733635323099456,-0.8672414764738251,-1.9783233372866629
7500,26.19088532761334,9.05121940003814,-2.1469272815428986,-5.507776417776626,-0.8084334724486706,3.8679767065167554,-5.004311017559787,-1.9298325461137387,-6.222459733029786,6.954930207453679,-5.267168914389222,-1.9870830723089432,0.6646367199806192,-4.484498533564569,-1.2094425424304402,6.115224968075834,7.272266037972953,1.300390668732562,2.6026516042496666,-0.8175656277314697
7507,8.247589620650965,-8.12663971193319,19.232717462086775,2.155269038599164,8.403886221418778,-0.4972663539729619,-9.213413707314356,4.379097662375088,-3.9439451225596174,8.061755766000452,5.8542660238996564,4.261385884005955,-7.559506190042481,0.8190297898258707,-0.1578787834883939,-3.8669270260358504,-0.5589910306037976,0.6713554345262749,6.137525858089844,1.6425995931213504
7559,11.4602434130469,-14.053848761603989,-6.258624125278002,-7.600587092506147,2.135618892000719,1.903255882249766,2.4798098359172793,-13.00933201578303,9.505522912150115,-3.9164013867297784,-9.119797871908055,3.971727790479945,-0.1303344957640745,-2.681022620152098,-2.792305911872486,1.991678641342123,-7.289795017305274,-2.9485964379129306,-1.3595178088997981,6.440924070174647
7581,8.958883990726425,9.824906037274639,6.277979480350717,3.7638621128366054,-6.40704074873808,4.40382250516328,-9.357912123007162,6.193463301280465,0.8085213242034653,-2.241427114182009,-5.0412720972795055,3.8357861300614764,7.659685179206163,-1.7782797709800335,1.2463095007090024,6.443686782096149,0.26723702918437997,2.291191902274689,-3.1875588385181306,4.223080256448822
7583,-3.6870367335697383,-3.720838302141358,-5.880595416516933,1.1948177721090725,-14.605554325339588,-6.210440866969386,3.16403184812025,-5.659482376727064,-8.688450134734143,-2.457529764385273,-9.468108725307319,12.496493849218975,-6.562823430912699,-6.254564120372098,4.700240790568352,-14.612861039814712,-2.2817473509069544,-6.360327749683536,2.892324998987943,6.8243361099082565
7668,20.429180696274695,10.696984414174509,-9.588538062133095,1.5257782424929318,-9.742368594267392,3.24276219369285,-6.422920510372609,4.883501280087445,-7.637661687402494,-0.23473837115250107,-4.667877615588506,-8.941845841663671,-3.7121880547909494,-7.326053364243619,-0.16469356180218894,10.96713453020361,2.7136438218164827,2.153944036624721,-0.6351256724389246,-3.7070173600460943
7705,4.4310579224667554,-1.3713540750996769,-18.316543720607786,3.046579434900406,-5.524074580886505,7.831756701338565,-10.863855601811183,0.07716736075773045,-13.03666761994631,-0.39711143569807056,-5.350548616635678,-13.874829001635627,-1.802732614216634,-6.816878595370806,-5.1305433184624905,12.008832760108778,5.03543493163751,3.5258480020132494,4.916213390062285,3.2652604693306304
7725,17.124632760772258,-24.51791466943484,-3.295511348410684,-6.293216819710348,-8.87064789374099,0.5350260551025685,-0.7426163415852687,1.1845126799810581,-3.108149819290026,1.156337316699351,1.2479844139838687,3.0832271551028203,2.0011603321147287,0.9690040715460368,-0.7840771927345659,1.6511221690505666,-1.1231009963355454,3.7105930466309203,-0.01870591650050386,0.2256866909190199
7749,-17.11356091135765,-11.72116444241646,4.534017321249256,14.374564133597614,0.0032711134167024802,-4.216492706610373,-6.5330627276485345,-1.5324291499564244,2.3573437064578378,7.419058905371521,-8.569675198490204,-6.370397523520738,-6.238681368648642,-7.308176492503786,10.142747550559148,-3.885103321978437,-5.761156703267839,2.3396906350347577,-10.89221676299767,5.365650502801349
7761,-2.0815842936102604,11.144397109414797,13.221334952456353,-0.47726749572990684,-4.379570304815294,-7.531635026632503,-5.189323892534329,2.8859012550042036,2.3726797270531956,-1.0964216852467645,2.9927496244691336,-3.889893325600347,1.0975663126862547,-0.8441161032848891,2.2043651687818455,-2.5254635274230064,-4.162354387629043,-2.0719718952289146,1.6909974404025931,-3.9928289308090736
7762,9.166610173480635,16.427617852964662,10.233483011150817,-1.688026327282711,3.5932349675440194,-2.214534668089595,9.338903443487615,-3.411626812661386,-7.782389439864656,-0.7159177970403193,-0.5675964529653414,-2.9431126014984637,0.185734138961656,4.604531538882603,-2.8279893125418165,-2.1715110818098244,5.803958202913656,0.9963180477791982,8.164903395443996,-0.17248782995044976
7765,14.953605761567434,-1.3989588454637596,14.24757108818354,15.130872722622255,11.89301542603224,-5.313061478512564,2.4586073430823743,0.3195473800876815,-5.408167804434774,0.6199399347398777,2.3962214434120255,-2.105742449792158,2.7684822891405534,-1.6686846204251438,3.3443060810464806,1.7514410345304017,-5.280829808093833,-5.74552410159492,3.6900088294682827,6.950850826694937
7770,5.142256407426441,24.338132937112334,-1.0933275319025402,-1.1179191884260187,6.535047817350162,6.686416359050418,3.7177823129952707,2.157908947597592,0.2454195873867086,0.5337829053946207,2.9526286558365302,-6.399598859082659,2.1716179083248868,-5.546781457965235,-0.42253695604139224,1.7255006031414803,3.905408488228764,-2.9225495897512976,2.186175082294771,4.799106076669991
7792,-18.36664623157551,-3.5739217212149916,-23.939918407891867,4.43647748184033,-0.5103929520494633,0.27676868767377016,0.02404876984796481,-3.9741826169377013,-0.08841745619734127,5.022931195649668,-6.015255887446418,2.9185330964555094,1.0956318344349745,3.6698151118990188,2.0798717641973345,-4.804888045582579,9.564489238928335,-0.746768549398234,-3.892506567156137,4.278481373195381
7795,-8.182671777873677,12.657995354904852,-7.442020708360712,10.698281720729202,2.7775926693273725,-0.3374808437387263,4.777068583904836,-4.338953706107404,-7.231110442471488,2.2635723884897603,-3.6189442064636257,-0.7438976937602857,-0.26642701635730787,1.813939105044912,0.15201841679317224,-5.965877276497787,8.911232188028393,2.946208230516246,6.566458526491919,-1.5698525967086625
7797,-23.552486840592213,10.503379673030322,-10.377345226551709,-15.10709398142182,4.279057260871053,4.4579627410002525,3.4677331362564416,2.871295009119233,-15.273966818387667,-1.895526623628922,4.096027824316099,-6.578581831620462,-5.19457473634642,-2.9388094064695176,7.722233730753795,5.293947450527208,-4.301142400088059,-7.770399480258244,-0.73946729833919,-8.656488800587926
7799,-30.158076653898867,13.202633397411642,-3.959656490396898,-4.947704011027536,3.9785696721526196,-11.613187619568416,2.3064491972998233,5.186382799243348,-9.568503385615845,-0.23422961903191122,-0.2676762946988489,-10.465886959604672,4.900394200840001,1.4371038249116452,-1.971031383600222,3.314138291401214,0.5249485998389963,-2.240675096324067,0.009684175390768246,1.2733457741083554
7802,31.177377421148037,-7.186428494663306,-19.04966827284338,-2.7438986105727134,-7.063085420933824,-0.7882808543510422,-5.494551445814593,-5.322970181256755,3.354324111326197,0.005867721161835056,0.900171370849154,-5.80411856220284,-1.2105243515459474,-1.6319252167262497,-0.7590729342514289,0.25337282085754037,1.2001589101344976,0.04340488051055106,4.624740784770658,-0.4871351162752157
7803,10.054027779927656,22.706495959873063,16.341397049515475,-3.579332027119831,6.244662059618451,1.5511447733301746,7.739102175729824,-3.1524068971222103,-0.38939103333280517,-2.5749647215779556,2.7604446108620704,-6.818366875795236,1.2113075142391063,-0.9363319597642316,-1.606388366994768,2.2806123009276966,-0.6012299137040061,-2.923401589568095,-1.2667272326364645,3.0906637308939104
7809,17.335747620385614,-6.834694569259482,-3.2253313334317015,-0.5760324026511391,-2.311585859255852,-2.813416784874822,3.5392765691302563,0.8202637372258567,-10.261920265651673,6.7722118477909055,-2.528675742691804,3.882255731431516,4.954402679501754,-3.2347814428164696,1.8368352295642347,-0.23788912393878342,1.3494492031259533,0.41687858117902427,2.3024999019917947,0.041346992730643795
7824,-9.05604959477984,17.244867573228515,1.6575586032736578,-16.39338816030275,11.019466218790166,6.6374733183137735,1.4273865904812415,2.7608754044799104,-7.15345684276264,4.7565233501591475,1.711930263535843,-6.281043557779624,2.927620514938025,-4.4743722105343835,4.630449260491743,2.6484634509042544,-2.1364257452775877,-2.810332177079713,-0.16781536635588215,0.11832933383432129
7826,-17.386246527064326,5.325996758495478,4.865792973975986,-14.981202666235465,20.631628165609907,4.33392788925195,-2.5586118542981895,11.02048503258758,-10.632186618896709,4.330425458478716,0.5161323936576007,-1.6346572703073594,-0.997025157946381,14.26427947797705,-1.7581127124643172,-10.15645227845155,3.8504011071750166,-1.1097970451886192,-6.937971516890314,6.153092739496628
7895,21.01828914012198,8.599843878706887,8.474258955439637,0.4691237026342296,8.018242100088033,-6.495935759638002,-3.899800913124118,-4.978118543936284,0.5013680028013509,0.6610188624567391,-0.7558459971298254,0.17447791155801676,-2.417502789059107,0.1877727578461284,-3.2376857991040744,1.3744218462640874,4.38399246442337,0.9639816902967698,4.224164828971971,-3.6157021023964564
7929,15.919809988680461,-8.262023148242218,0.9709770933399327,6.546565381537714,3.1633203291202885,-5.054909179075388,13.835490835627756,-2.4132276232357563,-10.158940179436652,7.538533143357417,-1.6699896105437,3.6006467922775887,1.9588903247357043,-1.6624338841925088,4.08143822899896,0.9964219418020223,0.8086202557419713,1.81971250421497,0.7381363369989465,-0.6903681046081157
7938,27.98773245246651,-17.92335399899902,-1.0579769407746058,-12.31957106747696,-2.6804659860872717,-2.2378639421487247,0.8512250340722751,0.12610372241289197,1.9248858553940342,-8.978599684356737,3.314381118152928,-1.6565613843548201,-1.5723392040292616,3.8026227998626783,1.5986102914473217,0.3669797340721118,0.32787159171743013,-3.759438167298743,-3.9663889534908,-4.999972634629863
7943,-13.082339810288833,0.17874533748083163,0.3697822139127205,-3.2948439874712574,0.6996134763004916,-5.76677590518746,-0.6418196202711604,2.8761897156511633,-4.72379521889012,3.678886755291969,6.950034968646663,-2.826581086169049,3.1782394644876417,5.289564931747157,0.9397148217112644,4.249439751355521,-0.7880140102353367,-8.112159780526692,3.232794663944536,-2.2801030685985384
7947,21.82689554968836,-11.801621232108666,-8.908159259255342,8.589595078664004,-2.2337673045834934,0.12073167995698866,11.849748307773536,-3.20439346964848,-15.542735652488071,0.5723898335999104,-1.169493413788263,4.092410860773348,2.4636891914871164,-5.264902516562188,6.574271041300036,2.0764887309303726,-2.3780535105996745,2.112345892842899,0.48065783807262386,-3.5326062871800823
7967,31.638749616840336,-15.700510095948216,7.102087035493967,-14.743151025063579,1.7156000310585402,-3.7211246925175434,1.5807838375574992,-4.696026996462666,2.5333963905518524,0.2532106315145233,2.2557252567995967,-6.972433678733942,-4.359382260217682,4.0096724935541515,-0.10731243658035032,-0.3996222036426035,-0.15388627678562491,-2.5759974034172965,5.2853337432049905,0.30953253126739166
7991,-25.62516668394676,-19.107349452318218,10.253147668184306,-3.7128898301737356,9.888591926810104,7.263307081764878,4.976337684603403,8.204047759799213,-4.231922885832584,-0.5767636316861332,2.000262242744782,-0.4391325466518461,1.6014579626515069,-2.31790314905639,3.0071153731654623,0.04410617631192912,-4.259145752196854,-0.42968769856668904,-6.159798865633769,-1.7106799339618814
7997,3.218568701442086,20.139923901708446,13.00547323147519,1.322981083610213,7.82526169820117,-6.654233875682358,3.5707516709193974,0.6984697428477601,2.5393972414769395,4.37618326515518,2.10145235510326,-7.124589743307892,2.3180440881015847,-5.092475799760942,0.9886622239843667,1.7385954100503482,-1.7342964620592922,-0.923534179056659,-0.6911247919044505,2.433770076748532
8034,36.897740359822365,-6.489696647447843,-12.138012668317673,-3.115838266276123,-3.5314239193696033,4.078642906439381,-7.319864735641294,0.5034066480417644,2.1674548678172756,-4.023966449467696,-1.1020826902344172,1.3055039221643079,-0.03155733132126978,4.692635681319394,-5.977127987434667,-0.2838693445354107,-1.7342512842806788,-0.9733450470461537,3.975758358502382,0.6161235325839668
8035,8.207553173659727,12.570974682453233,8.859104092005897,0.1418090561281271,-0.8174880109152266,-3.542377018719711,3.6099958917870367,-7.715097558282793,5.404069604130758,1.7551558313140834,2.9674547052955966,-7.560686361444301,4.168100541310991,0.3232820315734528,1.5641798919340884,1.745267980913087,0.8861919551352085,-2.4344040760768784,-3.837849512513918,-7.89461024400185
8051,27.4664718746438,-5.069149773680548,-24.59677749197331,-13.696687608698094,-11.819897025339664,-5.136227472599597,-2.7141681816450998,-8.103385533224484,3.472054529667913,-2.5316208609140953,-2.589119724441457,-1.6843805895802952,-0.8471385448749549,4.454186689661781,-0.2807983240685906,-0.45852367312662834,2.840220974900975,-2.4233224155474438,4.656741732810159,-1.971591261840917
8058,15.295538680586912,2.964436535834293,-20.276603329643155,2.796400004845022,-0.19935944402049427,2.1503830854557355,-1.233725617518854,2.3759414674616735,9.285084175376358,6.481974167380066,1.7527685417776078,-8.089973382124034,-0.7700389932757141,-2.385820890781258,2.478799480937303,-3.460571462538099,1.9432874427617013,-0.5269599950034389,-1.0611011035611249,-1.6282976644278084
8060,-19.728819941919134,-6.12785553813183,14.220157985758052,11.763261574115004,5.65338335947212,9.05909918407911,1.6753249535244303,3.9423662925377436,0.6627162599762466,-7.768798878402533,5.371211061487798,6.333803780097719,-7.867455136059038,11.790572153787846,9.789894351086899,12.54176197075149,5.649123615128808,5.822606503877516,0.7337593200784348,1.413820678066366
8063,-20.577700581882908,-4.659073696240492,12.927436300756451,-7.581887926143128,2.5289449566226785,-1.3403429951622774,7.277240805152429,-4.059346695675301,12.140159373998832,-5.1672644736779265,-0.3327749922627366,-0.5040837768664501,6.792097298101926,0.33521758162929555,-1.1717930802572465,7.533130626545813,-1.1409446809272203,-2.4068184397225996,-2.892253535562214,3.7436254073975186
8067,-22.373567373145637,-23.84877024521928,6.047446660813442,3.5229162192220564,11.942016978815799,7.811684690133265,-10.974941349803482,-0.9653924807844009,-1.368353858845749,-3.1697669435753064,5.623428190780524,1.0523019630987955,-4.546572865739583,17.74184646968498,3.0155898051625916,14.03982797753704,10.720797918198823,9.270277843716467,3.3953119274844434,7.683266845809754
8091,-35.38871479283511,1.7019626211405519,-1.9708284601683248,-9.542994304687005,14.465671934875237,-6.720269170143109,-8.56605022396718,5.7778210985033995,-10.990908217009798,5.008363031671175,-2.0951115989337046,-7.277344648189865,-1.3271315740527931,-0.10507081298988201,1.7031909711570163,-2.4569231214396057,1.6569158031385627,-3.145273287567668,0.5190992909327427,1.6811047380006476
8092,-30.78804462174879,16.421508152975328,2.505181131109105,5.631636197283166,3.733494950323455,-6.764908996674317,-5.101136690777547,-7.156824773886673,3.8847309566822497,0.1897962466612208,4.856676713571345,-5.173488396605457,-4.48993526598289,-2.3630805104960677,-1.6857365654498098,-1.8212705613025495,-1.1119805162946552,2.943448165343108,2.148813801679631,-0.37877494573100207
8093,11.69626926472071,17.114706956911874,-16.848125406221712,-9.120001704699597,-0.6992243866705874,1.6623047608451436,-11.394880871263977,-11.982919923347001,4.942822287439887,4.018123569249313,9.265380009432207,3.9024381083339876,-2.780601690883082,1.595323757937125,5.6251164654208266,2.067688431002055,-2.692629038686593,0.2695945700343694,3.0022735098371194,2.659530441516387
8103,-12.178683225649557,21.36972389810496,-6.600356689087559,-19.517904540761883,4.777197621981585,2.904290949069507,-4.755899515345682,-1.56800906558309,7.057690274639906,8.569582250349665,-3.506705991643289,3.3156830064001377,0.9879593606627127,-1.5111390894370533,-1.8823407302468373,0.732691374952122,1.444586981969995,-0.42764969315088197,-0.820207796514412,0.4932679055072999
8118,-13.197488732748583,9.55722090090261,13.871326650523889,5.800244233490372,-19.247274652485025,4.482302265795381,-3.448149278314103,5.869487363476144,-2.4869023011274085,-4.584161094731208,-2.304266310459311,1.0694980097338778,6.721134339033128,2.3353134435578267,2.5192550426614266,-4.478546596353337,-4.664809627207996,-7.66872382661925,-2.0094564810375983,1.8932019885092444
8125,2.9906284043850557,24.493866339996245,-23.157427581714863,4.037686930199958,0.982466268632423,-6.26186868328744,6.664905186185145,6.673004342806981,3.7175256957247664,-1.3297062576087173,2.2310725754248977,2.141830624479387,-0.28735178835625075,2.5220492990314822,-2.2947024814683705,2.2508680412695976,-7.254065192551486,2.4282368052209575,-1.9205369039593647,-2.60408622297661
8129,-17.45894593018226,13.4114086199676,-7.5752068191287565,-23.894737793689707,-4.0558145116058535,3.3888823873051375,-9.429446115763254,-6.885944892430131,-2.0737693753944813,6.061823010367571,-4.1550876705107775,6.971676372661867,3.8918405489012167,3.63787354544452,0.508647864934687,2.273785832674451,-1.5764154087278384,-3.681985097488377,4.261677808251558,3.7938114029930987
8130,-15.095380743649981,17.804919023431587,-9.635180124781634,-23.359035464702632,16.77585323775478,1.450705022950076,-5.009405565656065,0.9881026853373334,-4.2691868130979325,3.5920961505281577,11.617760821785978,-0.8519047148257652,-6.400702106541665,6.440270104441873,0.7451179897635067,-5.300911548721592,-0.24633871295037182,-1.0840438174569216,-3.959064829095449,6.670771317267794
8141,-18.224687279110654,21.227571490557366,-13.514904170952963,10.69874848332322,1.7594491754854074,-4.915926256555477,4.243045516158937,-7.479598640864374,4.011446807313586,2.31624512089979,6.963685946464933,-2.477191170150265,-7.266128384415942,-4.817941986184914,2.417978308272144,-0.5454596724982195,1.777627184955778,0.5014039316810524,4.27192206997565,-0.25161432291538655
8143,-5.946306857518058,-1.7018659781524863,5.639170243044492,6.299597839268087,-12.57991810418133,-2.374436080677318,0.39751969368633366,4.137500615118672,-8.130989331885813,-7.818592369476286,1.0740203843303395,3.6923221865201183,-1.0987486896972598,0.9767681699879897,4.464931207798054,-0.49132031456332487,-7.249234652394939,-14.750731704539298,0.5195162333071489,3.915797072151735
8160,-3.0249693506786524,18.18304448226705,15.089950463999868,-1.5864932419219413,-5.740574585315067,-8.897592345762135,-2.141802550636653,3.5416319676952934,-0.9858794479657544,2.753984068535193,-3.9642377177815744,-1.7622357815030545,-2.042220108829337,0.6112428253279699,1.0890105105230645,2.7340634048621517,-2.0188781861798875,-4.099879473259785,1.708864083180681,1.702717536209047
8163,-35.364540594935825,1.5540336660860607,-7.378025532879963,9.281856411287084,-3.245201589985381,1.1497659153605246,-5.110821115912016,0.9998216751638339,0.36268983607109234,-10.666777756795561,2.687803744238753,-3.877235706252202,-1.6816068484271258,1.9219889329210067,2.4685118719095414,0.6987474067772208,1.827933451111813,-0.04629832941434387,2.7627211939918146,-1.0333155483959815
8174,-23.852385399315644,-0.2212344233707641,-14.820043971327578,-4.29213304396495,-4.579565658136355,-1.8148271661392765,0.7672995178200939,-2.5624125980075516,1.5394368995581569,5.268040598245154,1.0137554352716553,-1.8546163917787561,2.34521388300863,6.926725383660975,2.8349924620951237,-4.3345018173147185,5.2973958064345315,-4.47959137907828,-0.9318719834803154,5.1209004213200835
8175,-41.72573241299531,-3.594417518276542,-29.637175937303414,-7.3667956381086315,-4.811106581627101,-2.771031002566769,-2.411265268095354,-4.195778907920589,-13.939413391780391,-18.12018248592677,7.046899114307288,-4.695386422256697,-7.690202743531,-3.5046942061765933,-0.5954725253331681,-6.055662787111532,-1.289533507873437,-1.6746594367854177,0.5624751366024481,-0.4706084318706394
8182,-26.369827648203927,4.786916773855951,-13.234954308374938,11.675124886155334,-10.516147032278182,0.5271818363569692,5.555836509314162,5.70990739099126,-2.8074243003350374,-0.7510363356242497,5.225431226639805,0.6831463869823352,-4.170722238550215,-4.966652024752323,-0.8784635237283259,7.183768885679769,-0.22793056898767677,-3.0280837661328177,3.20714518795063,-1.331640277346866
8184,-8.945536371258434,-14.465703783036284,3.9900731461863237,0.1526657261162485,3.1235804761321484,-3.846954523893202,0.3458902102095642,6.043989458348298,12.023496861440059,-1.3215501840071897,3.508964870593664,1.2677557059914464,5.6772287899237925,3.24614536267541,3.931203627054296,-6.884787483155998,0.5699495727924838,2.894275773317926,1.4919657571965013,0.11813926495722872
8194,-31.18306899505128,-12.858816215089343,-16.177447165992938,23.327586576224675,-2.693171494290786,-20.617794548866506,-1.356067065312607,6.025366758051266,-4.8101522217069865,-3.4662299835933887,16.144118259836226,1.6366899424167867,-8.280162761172198,-7.745774396908999,-15.324145033890735,4.130592363731331,11.055606426858013,-5.436145257103684,-6.117534823830228,2.350355474029896
8205,-23.956923958864618,15.556024065542806,9.8374911939224,-0.2671179040009391,-13.799451367261993,7.939287367705008,4.94668929174575,4.293862316663406,11.197989861176724,1.4956551613633708,6.73306022482531,-5.282444666540809,-6.920907729846462,10.878583877965411,-11.995510429045243,-8.52733990092982,-2.455810418822919,3.250268543429122,2.9132285258937936,0.7951929200647447
8257,24.86073419389396,-6.397607210588052,0.8808224134457275,8.422761561065874,-4.750352142813331,4.366059107761876,-8.43849953703008,-0.0625475925958499,0.35893342601773687,-3.129967639187326,4.015408429389317,2.5394284709606083,1.7266649522817492,-1.1094620389639618,6.701423219690974,-5.348650495338259,1.292939408787561,-0.17601192534366236,-6.103996732343526,3.4713965343185325
8369,-11.876311163560317,-4.060518812616772,-5.013138804231624,-2.4462210418589065,-8.019284804995525,7.597745883629268,-2.7733903352977243,6.921181274653906,1.6452519188305965,5.3137926355592136,6.676928867761406,4.9050676577025705,8.115732337668293,4.332995925609955,8.432206977844526,3.309480076985392,1.3165490170206324,-4.56993699693862,-2.779696082126614,-5.655893854924971
8615,0.04995617643269116,-4.390213966233754,0.08184839411105024,-5.618477108546136,-12.546524991004327,4.466703143087698,5.501600179838078,3.5258642437714705,7.055146120052837,3.0781461762475937,-0.627494122584874,5.367524677035435,8.481434779716079,6.203676992347045,3.5878261325060428,1.9062813771769886,4.689268683552768,-4.910853139639497,-3.5053876423945654,-10.677034547906825
8635,20.53298997021472,-9.603880628124012,-0.23966490286605074,-0.09088966954962567,-15.11273591476577,-1.4583696494540288,-2.4226615006968424,3.369518081575847,-6.39754876070397,-5.265579472901178,0.12121422894465318,-4.943620324045552,3.7269713761619014,0.3437768764775079,-7.54035257334332,1.208344483470205,-0.004507134194112741,-3.4672664861159026,1.783291476022306,1.9067907027432716
8658,8.083650205030617,-17.955812729568276,3.0047898518334413,-12.96719031991922,-7.554869536578155,-0.599265352428253,1.9948187599762885,2.84493855824922,-2.214209473924733,9.169088136745263,-0.24467527393525176,-3.1972479718386015,-0.5836027554709221,-1.7055953217781432,-4.233639735321497,4.156613761703824,-4.483420321198362,1.3256847167798265,-4.9560573487634185,4.971560590071466
8842,-11.015692403039493,-0.4910337457636809,-10.574985188730501,-6.236176311357342,-4.0186821824830306,5.134357723561515,8.027963812647792,-0.6545256912972841,2.423137951106221,0.18276321146815988,1.2133466189594542,6.923233758588768,-1.5345143255790785,0.7209543809321493,3.136406930190839,1.2015676713658983,8.4438832241406,-1.3565776034536872,-3.829246912400193,-1.4234553327306585
8857,-0.09385803532486817,11.93464443141739,17.26483399911801,0.07178634080064085,2.0078964918669997,-2.536815866570822,2.973830746704441,4.893931949536963,-7.966875657954765,-1.5484782741804353,-2.2014500143659053,0.6178053998257588,-0.27682837035494784,2.830919466130208,2.425498440633911,-6.1031038393900054,5.724926594368548,4.430154201671591,5.56513478838728,-0.6158167676593375
8858,25.97267369142074,6.887789366001264,20.292809679967235,-2.498569785292791,-3.5572404461847644,-1.1987784396009946,-1.599013691162625,-3.709275802835553,-1.3403818982764335,-6.9635463112251,0.8326824168873399,-1.3390610627833617,-3.0665801938923933,3.853783351473488,-11.140651470630344,0.22533285415472687,-2.653924736089104,1.3100187139618154,-0.9897639261159161,-0.8837204436995503
8892,-5.612192118846275,9.015952449430282,10.746502160005928,-16.55583899552565,-1.0618506824295117,9.328538603970717,1.3238419904208367,-0.1823119322879261,-3.685957203450052,-14.633525077537488,10.792878423216564,-4.439276159778412,-1.2454895081161574,-0.7611636483196106,4.546358901705925,3.9469107832424597,-3.586140651996985,4.314188288959135,-3.355717373703808,-3.396959464117659
8900,-15.320189451509385,26.5074959084129,5.521672507994266,0.9862725129002985,-2.6708857103720445,-2.1308707502328055,1.1022225979369638,1.2752423977594785,3.9300630281929587,3.0182344480064427,4.426513593412239,-2.5006824041640408,-2.078150678152909,0.22936901271789178,0.7451357280265539,1.4729764024591856,-0.9396259470038782,3.360094006327812,1.036313889484151,-0.15308912095941526
8902,-5.423276621598529,-13.953063964026413,27.053873623214532,8.988303126109326,5.172158105302344,-1.8319259217689672,-6.044058527880844,-3.4728897624872,-1.0538482779757286,-16.500112701743344,1.8500812557874708,3.77846999722966,-9.200801176392023,12.834715197734267,5.652159805562755,8.89463174569126,12.628210918035661,9.540629766314526,4.876040208755432,-2.895374475939678
8908,-15.340550402752855,16.465161473310744,-19.342351611218508,-10.229561877852776,8.601827623896115,-1.813710566005759,-8.76589773129414,0.7116640689291451,4.5930168269113585,8.988086461502503,-2.303515399064018,-0.829543117738918,0.5922618680390618,-0.8036225680526838,1.8705432037181815,1.3461452310979505,3.4763115694698716,-2.2789467276941826,-0.700910724583652,3.8754583477320876
8914,-21.491335304359513,-8.009632671699679,-12.515749584175488,-3.988217937109529,5.008536838351039,-6.044484208531815,-10.877764784005581,-3.194622944950515,0.09667136697116499,0.34699042634140864,-16.282594436019515,2.3350241189371785,-3.7750259414277525,-4.2002416048173865,-0.9646407829904645,-4.141905569660053,2.022496593016991,-5.597519660690993,2.4608560589080297,2.126390266973112
9007,-16.85362611437714,-27.477759946198148,1.4477311903127672,1.4764566877825,-1.8103975889020771,-4.03834574469681,1.9520697602684938,6.7012756004364125,7.77636106266905,6.278013937292582,-6.88070838755373,-2.9827645458668774,-2.9279315770018677,1.1900773868330818,0.42211342872135776,4.0099702500476955,-3.308598886046428,-5.966601149124711,13.508663454577508,3.374703914702801
9233,-2.8538869027314293,13.608646101083801,-5.6109631293344995,-5.886144848678789,-3.1550586117359267,2.6234046810917477,1.351229369707245,-2.0274938182428337,4.3008086165008015,5.092137099835012,7.335343766552122,6.84722069306659,5.404722843805659,-3.275854516474435,6.040909132553226,1.3139021911611393,3.7413038746628193,-0.757420988776979,2.4223266232640963,-6.052943198591282
9234,29.9436910448328,-2.029348550224046,-9.649066675751598,-1.7674200717088737,2.025637670076711,1.8177374188796478,-0.5276911663601148,-5.507210186663972,2.485661591819401,3.7055960653626685,5.048451054950022,2.754061197485992,6.172194924253724,2.8511702390583946,4.8922798059236285,-2.9923739970974332,2.489059075345853,-1.0897538818136345,-3.3582005542897266,0.5097583011613215
9266,27.675643434946824,9.850371333161316,-7.673430569608795,3.3258794486305803,3.9891442838314393,0.6699047699956627,-3.024747047382435,-2.476540684413639,5.569797671967362,7.975107713992218,9.155950178552283,7.564635407386982,-3.1234145824308626,-1.8932601029107758,3.7508589328161976,3.2211362833531147,-0.5198302565697921,-0.34589171271341285,-1.1899170295995167,-2.868852549605112
10263,12.414459115987116,3.3956373165293265,-0.2616071079655975,21.719066320473324,-8.257989210032397,6.77946301291229,0.16124912433600838,-1.4770324097342276,-5.205340715186778,4.4644692674092745,8.175896446040767,3.57179054756841,-0.2950830620839415,-1.4563829809852928,-0.01048376068287836,-3.989981923221244,-2.388093288655918,4.348005608660403,-1.439571969562529,-3.004719918376147
10345,23.81704811110783,-4.243745090910484,1.0663569772037313,-5.748158068735808,2.4033606696962333,-2.5999980553161386,-2.330784434953442,0.715294422078459,-3.1425245868618714,4.647199843622086,3.8442210592443384,3.075418478116894,1.818261909460257,2.6263391706311894,2.0422467532749224,0.4582626994597112,5.722823992347935,1.3533233569063028,1.441863621315762,-2.6158115330827845
10405,-3.036450537707413,17.202910193305264,-3.1536006673323804,2.750455017389773,1.0773522567657734,-4.830500219940151,-3.6943418308331633,-9.457259662209763,9.798001023458443,6.897973413838403,5.262301420043456,-4.717324050905271,1.9489181720056805,-4.611048014644157,4.959077566794948,-0.10176937932860194,2.375513341708124,-5.605895760936487,0.36018331626939215,-5.047586404368223
10686,22.716061280171267,-2.3846122653385304,-3.9572495435314567,10.148090489726782,3.1437495134475464,-1.648564028135999,1.447664690930529,4.515109178196968,-3.6578290136798826,6.261673813470152,3.4955403886650815,4.175703973505005,1.0612378338381296,-4.193747755101296,5.11449696616282,-2.2471248511836377,3.6922306382831267,2.1556276166059694,-0.8737179928776067,2.325727086143857
10722,21.913103955307555,-27.84331933676076,-4.237989110921167,-6.142225562949841,-4.1377939323726824,0.3729318307190405,2.637487734862185,2.6867438709946443,-7.871740604318485,4.0262490721929804,2.7475854911112174,4.081365092553208,-1.201864029571688,0.20759725978396892,1.244024231659013,-1.3253482025322745,-1.837078188236526,2.327039596742545,0.47313401941886085,2.1702376485882064
10882,5.463048039075638,17.6621895646622,2.778515320776563,-10.573438259428507,11.392093268370909,9.08758499794344,9.380615316800002,0.36912903854280615,-4.2157074349816615,-2.6881889924724316,4.584927207781536,-4.537762556015868,-0.8087434850412889,-6.1640653084225265,-0.061542671162036065,4.1694600763145555,1.7334641802098696,-6.564658111669652,1.9485804309028716,1.99038915108454
10953,-5.22939258460221,2.15732694706868,5.31799098823749,2.7322900724913772,-5.013900863875698,-7.405289473295266,0.5948285284441982,7.730525646778121,-3.623370744818033,-3.8545293028578542,-3.237438613901532,-0.40045822023543176,-1.1664286411408176,-5.610586492079065,0.7453636418210142,-2.5307451545379136,2.855964290444216,-2.86213093690265,-5.040484679757204,-6.7961276028890865
10976,18.585527323214713,17.285981902795154,-0.061303621720389785,-16.090463441185523,-6.179160841035309,-6.4844635813095115,-14.828656384127152,-0.1494365721646915,1.6407206465676833,-1.873112420378338,-1.7518580321393082,5.48337881945918,-6.64790564832314,-0.8451279254460032,3.300143417418363,0.03639744125490975,1.3074970247348106,0.6397198146631738,4.058117403478569,2.894123186914367
11005,-10.90886478648211,-16.582081344814238,-2.189423241476845,-4.051150267198649,9.851914536703644,-2.153833837276805,2.8473611834154444,-14.153372210381576,1.5968481120325895,-7.272239565543241,-2.204196391522878,-1.5622121133780653,12.842550355891474,-7.665732748035837,-1.4322284618998342,-10.49778188042054,2.6010535501364895,12.935674235103413,-2.4814483787180666,2.0345324648284118
11006,-32.718534190506574,12.046994768726448,-2.8986742897253457,1.4722707603644944,-15.081994228964517,5.168650678688529,1.1310103494549926,1.5490259608851655,4.495622770641018,-2.176290682694359,7.555684928781334,-5.4029305887065835,2.6852957479972397,-2.636244993502925,-5.319427210620095,-0.6203700752645765,1.126309941207481,1.9300003316263419,6.251901441906583,9.733568157591831
11040,-19.82184809335246,-14.631372739551198,11.122263541547213,13.128073978225537,1.7338602634461904,-11.18657556767334,-12.754661091527595,-2.440502731858513,-0.5356402395799016,12.730267911932055,-10.47125300801267,-6.03880953281944,-12.193237886061171,1.4070845410143746,7.917631992632289,-7.761900042584526,1.3365016039756523,1.2354224537769396,-10.412514705858367,-3.3126970673346476
11173,0.09189364615877374,17.77718750389269,22.361303089703384,1.0616656211300137,0.5122023901707209,7.248424884331947,1.047467203235945,-4.289431929561738,0.05219948279317477,0.38768559610841075,0.328655943445061,8.739945898161647,-4.736353296422238,1.2214481878976833,-8.86302271671712,1.1232806419217471,-0.2929531297283122,-1.4717899359334228,-1.3710649112896698,-1.962614611819126
11509,22.76611426843723,10.444604952252066,-6.341774160153099,-1.116591433129683,-7.321492993091461,-1.3425207283298788,1.8780738887769848,-7.3386630524631995,7.042014783979579,0.8270665554487082,7.220909905915474,0.7513693132746766,6.192687956281072,-0.29950641596958816,0.12994538218890125,-0.7971282431682887,2.9210863503440625,-0.5208673937405033,0.5636077644184048,-4.950364296209796
11513,27.13626538414605,18.300943269247412,12.420956861567735,5.143802760068043,-2.849374652890249,-9.542359903396058,-6.908146239443095,2.633140215400612,-6.207550675527683,-2.402236896884083,0.8653603926194551,1.9474799893775159,-1.9824736955380955,0.19641574305846626,4.417756638530881,-2.1241319981229947,-2.8977561622686228,3.1845939794956326,4.149071471499081,1.284629943083752
11520,16.63728500460605,26.408687169121762,4.603255074552433,-4.296576445012743,-7.04880945136848,0.18395000225291339,-8.430794731784246,3.388475764711658,-0.44297228699938207,-4.591080574670172,-3.7448220985139358,-0.13193392307679253,-1.684479390267395,3.6893185487878783,-3.361163641633154,-0.20300125041197742,-1.07022231284489,3.019621360997639,-0.42408637333149424,2.553769461477297
11529,8.773869221443825,26.840725510648618,0.32743325657751526,-7.19238025926305,5.679305673087709,2.2623144446287093,3.869765430548367,-0.581442963160452,-1.3792490889692723,-3.038047312012545,2.027948743984159,-1.5404881505827943,-2.374327202727484,-2.445957751086602,-1.0942133148517557,1.109432871057509,0.25754099527853674,-2.530531931695518,2.6373464739993033,1.762267414328524
11559,-6.01338033518461,-11.686232382098344,13.83468669307867,1.0828765014487371,-8.832574431107242,25.847216466170188,10.658441049739853,3.217558125488952,-0.15945252668239765,5.470704891493005,4.481765074751319,-8.127565390760896,-12.240144431696232,6.183505944774367,-13.671408389362758,-10.080007496033948,-3.25912999760068,1.2484590729763214,3.1966189765232342,-2.5513479084128066
11569,2.588594802674342,-31.68203908681491,3.7816082100015507,-15.180575879761,-1.6927577558672555,-0.3478145898831727,11.099619252561444,-2.905133545592067,-4.208810523364642,7.856806181542947,0.16743763190406866,-8.03533402687453,-3.053144519609885,-3.0700078398759842,0.1888459999682706,5.31210947614489,-2.3700382448896904,-0.5576072669810234,-3.4662969378739747,3.102743463683565
11579,-10.846954688990765,-11.780550045214822,1.1748352508071518,-1.9599419957058102,9.221376607875701,1.2586923413535038,3.1101937571945992,-1.1016615781672254,5.634967058386387,3.9524042125741925,6.396609821306809,4.111747311741275,-5.495529173004662,-3.683870564431696,-0.13108305083857724,0.80946787650303,-3.4020754572404974,1.268249146113364,-0.8801835252674175,-3.5001471784299056
11583,2.274975862974503,6.501833764792793,12.125103758547251,4.852985510181215,11.138334815116155,-8.047452789083705,-8.805583343211225,-0.9981251891529545,3.9077637563909624,-3.0775553137522684,-1.134955578303455,-3.9274854345941725,0.8325639183954978,4.819593046739017,1.7321088333609023,1.2434166467081282,-2.420995542843264,-0.327885060903564,2.214144900965854,-2.561911635827256
11617,-12.796452673122072,11.477529255847626,12.047815497015508,2.8269155072030436,-17.722074594788293,4.9200722135693935,-6.398607727600086,7.071137545616046,-4.663639411478697,-3.433651790835148,-3.2379080650255108,5.330742653449618,6.742175161920754,2.993484278022538,6.766975398232081,-2.2739615258803387,-4.056554770517205,-10.627743284296043,-4.199154623605554,0.5195780331054174
11622,-14.76535403393012,-24.643765003514606,-13.910785123265262,5.208422484451475,0.002649178382244041,-17.747883291797365,11.857240321628794,3.554459292332927,-2.4832076461729944,-4.255823062318687,4.1397709913624565,-5.109907728724651,-0.5783342649297778,7.728651610023824,3.6624477551421477,3.2005631838959494,3.496247607679721,11.985010622897201,-0.6236457871607771,3.490781940514884
12105,13.658458296023205,-24.282698797591408,1.3227646326822482,-13.546446671491157,-0.5568916425849306,4.694751993064415,3.703641665236105,2.127312215008313,-6.72427575738523,0.47936779439910476,0.7943256044604885,1.4061660077200695,3.4445297123718066,-1.5914399871901714,4.432797619590259,0.44209313738036726,-0.8012346037704183,5.927095555241238,-2.517656274757749,-2.1495929200740136
12202,3.4091363444315514,2.246246431486759,-19.70225364495634,1.94511697970611,-1.1652111020122655,2.0551399590023243,-4.4678289416535195,6.449392926495048,5.911033162624236,-8.974593898725432,-10.039768792013655,-0.1747927031686896,2.65310566518803,-2.7712280287799005,-4.877285706629724,-2.97291614704552,3.3664234310972483,-3.2629875400348753,3.749341092762373,5.2663890823093125
12206,-18.175580335292512,-14.595720290289435,2.277059869889805,15.157822825513472,3.331589638074619,-5.1968792141223155,-6.011306932347082,3.0166240998853553,1.2719794766764838,3.107438637829777,6.023608605724359,-1.154255144977381,6.004874774375672,-1.2663429864276796,-0.00918700857534995,4.5007308155275405,-2.243084502443472,5.413510964836929,4.456756395775942,1.2464315565659356
12216,-4.258275489402957,12.075905123077852,-6.033254260534013,0.016426536529410726,1.980497431014998,-0.9139344820897571,-4.866329728857002,-3.8832986018771436,2.4397095754104257,-2.750781277405952,-14.085703349233185,4.936400764453956,-4.630812066641829,0.8716858485156894,-5.962991093299371,-1.8537119649510285,4.424310969374334,-4.379933570297612,-2.677853850438681,-1.1842883760084912
12243,21.093746736338836,17.511648738214188,-4.6573953869192275,-0.5441563460787998,4.258891017465877,2.910034459420655,8.333914072467273,-0.021136159115700878,-2.9763924133136013,-2.9950517045975493,-0.9731575858605834,9.648937070627495,3.541143140573447,4.2364488244843,-3.5471209992885586,0.7910644351130206,0.7193660205663731,1.7666412549384218,-1.5620263684241587,-3.3546950077471513
12296,7.303196383579076,16.926454460423827,15.139366901729215,-6.267054421686147,-3.2785649096972667,9.026164069864965,-0.7301077079075813,-0.16619707931474176,-8.002439485934602,-0.15027314426055843,-0.9161407704657449,11.673506246360768,-5.166198314358688,0.4306609584349152,-6.827003557545693,-1.4411638879787139,-0.06736798232863742,0.15997383453783579,-0.2507703196560549,-1.4695561148675735
12297,13.560628624831521,18.639791064763326,3.1749960785723372,-7.925006171730075,-0.4869612311612076,-3.388958276679669,-2.694930947060682,-1.512697120217014,5.3876741873830865,-0.43576040996318866,3.0417869817038574,-2.1873437871947523,-0.5594247189223409,1.191887213893534,0.9965368612618919,-2.1398986584909303,-0.5721602287606155,0.2048245079746566,2.2803176260989737,2.9319357816970215
12348,-5.075435552229942,29.18073307568577,-11.44081437802585,-8.349260598864424,4.158621482237665,0.16150627955659566,-2.9883361505938932,-5.1144546218923574,2.1829454461364426,1.3103281591970424,-2.1620701774830104,-1.7963002194986761,-1.5375417624856555,-4.038667304384483,2.4737389334366746,3.5420173752040154,-1.9092113625812286,-3.0591468108896405,0.49066149784166646,4.126850703481941
12367,-9.483727766506513,13.168025044228632,-7.274040653434621,-5.811382935739574,-1.086280843216666,-9.24652515439205,-9.668237068942956,0.48662880694295485,-4.78396099802644,-1.6031745952938294,-14.639412806935878,3.3243312256610436,0.28608636993583303,7.9229975526269385,-1.2875313009778249,-0.7810788541723588,3.8129296868076152,-5.883506014923308,-0.7544754940556522,-1.772829389889837
12370,12.41286912003695,12.982837082820158,-27.551077040435025,-0.6210261347311861,6.185368297142445,-7.7301565752424155,4.53093660462604,15.02669674031857,5.936119816569967,-2.1312200609624425,1.9656835243332706,-0.9088293232754194,2.7636241167501985,1.2727098267202024,0.9347009162073812,0.3166496352435407,-5.635133227334048,0.21167387556120365,-3.6815149333796287,0.3100499067952405
12377,-17.364716367972015,12.077732407775484,11.839903001868993,3.6646948765741088,-17.803810845765685,1.9569123704377704,-4.782955380434958,3.100806544440267,-3.4358267426037603,1.4362153555771477,3.03848416170126,3.1763760332315125,2.313649151211551,0.5884145751088926,4.060884887642063,-3.0434928111989383,-3.7822039330068344,-7.72236473181519,-5.577467132601644,-4.315597608054563
12388,-26.821374926844236,1.233097774755926,-6.752070988182343,13.060053066148408,-11.438936897439193,-3.3780927322402947,6.83838951476816,8.867364283527365,-0.7472310061149714,6.721226265886323,2.594919579976888,-1.0039133792964496,0.307014345139995,-6.221994217537451,-1.945275839219619,3.478216487290228,0.3456692664492677,-2.973846711986773,5.2242970071232095,1.382789440740738
12389,-31.081456631768067,-6.44555569536445,-14.053391024440662,14.742928140753857,-10.729414520281926,-6.9910532075563525,12.52252452171717,11.685833202145513,4.148595059802671,5.268575694676153,-0.36706178282284985,-1.4460259952071406,3.7331930656373347,-9.614835326073297,-0.881304813482177,-2.586291539309387,-1.0706347556973266,0.2635535820046259,7.287946248344721,1.4729058013000387
12391,-25.622866204265,-2.0887701024915795,-7.002045771222422,0.631167465231662,-13.222565777767304,15.672181370318388,6.869888038006541,9.834493975082099,10.889004690774858,8.493709385647398,12.925758069278011,-8.048018450520352,-6.890714174859213,10.021238370077885,-8.086914438431883,-11.877322546723617,-5.617958560723483,-1.277070628404912,7.4949003592511225,-0.2580574634436392
12508,4.266349251495222,23.70109796349034,10.89846768856338,5.615735419597586,7.509813101104112,-4.034274860248044,2.955694050581332,1.5698019767041431,1.7991694827421936,2.581555473237357,-1.3930549681223685,-3.992816542566225,3.0536391563298073,-0.022399633150763144,-4.992173210152451,-0.6070141341590365,2.268868406714303,-1.7275206277316526,-0.45339255217498825,0.8973502266433498
12741,-13.471511334756082,2.5220935809032747,-11.94808222810789,-2.253449397367417,-2.709316721423544,-14.548434518804056,-7.293505680535343,-5.017962860846397,-6.551181577239265,-3.1777606021452853,-13.001264397679002,-0.12051516081641837,1.256621480929807,14.631034097479407,-13.527193492754469,0.24533625790823183,-1.7000878830448025,-3.373944039612987,0.353452566160783,1.9488125499094793
12844,-3.6062754378570427,-4.359730344319859,-3.1375798518592113,-1.590766295342865,-7.697839111271031,-3.952858724931793,9.533056648915679,-6.780100215206302,-4.748106714785782,-1.4391704889526873,-5.562150522650781,11.517526478302264,-0.6547869533330867,-0.7575058924781248,0.45952815369386607,-10.917263848391144,-2.1613473630540354,-4.7493171628769515,-3.2913757810556556,9.354453384787611
13162,-14.556293375612416,-17.64954263874629,-11.562552062368315,-1.0135251103324727,-6.744149963958264,-15.483939382613723,8.477270478599946,3.6854242344780492,-4.3005153395121525,2.5502570537147498,2.328747088251285,-1.4178323444398009,7.981711837683051,3.781625871558681,6.123625135735542,2.0441583222439648,1.1308084482895586,9.152677531159227,2.917094708838095,7.286782529312697
13187,1.2400992086380678,-0.3483798144652273,-22.144747742828496,-0.45916025841367564,2.565543317710913,-4.108539712383476,-16.228304426373885,-3.7291466628270395,-2.675322959933968,10.017729212271611,1.5697599448624378,-3.812391370640621,8.080149684483638,8.102960909791483,-1.2266593067609572,1.8687799023108795,1.1916156886750988,-4.524145738232857,8.070103219599979,10.663002087779429
13207,35.642622446386206,-7.853802294725448,4.885409539061161,-3.2127303907710276,3.6043759637510897,-0.628015085427788,-8.363036200134788,2.0697826511233006,2.382924028367774,2.7541790227045473,1.7527787519389857,-1.2438534871437579,-4.774741174207787,3.616110375196898,-4.088918327631861,-2.160292360741302,2.068953830779591,4.087245478575944,2.102367451609125,1.320771630926558
13398,28.02138180302001,-10.330118788655913,9.807839589592124,18.052317089167417,7.540744863995517,1.9269889688247148,-9.942083172484303,1.3496523831652718,3.2391162009799466,-1.8311251867274125,2.620992680812664,-3.828691826191049,0.24630808519813194,-7.3596076814243805,2.826818549535492,-5.422103523147771,0.5889079654672226,-4.7277399414925005,-1.3034884698254534,3.8183870291128876
13546,32.8334684881732,7.379094193168743,10.60538810653178,-2.4804138333213452,-6.339692470932478,8.376697400862877,-4.391130248694311,8.548823962778105,-5.001450436308108,-4.65959831252246,2.6172801427525396,-2.3135922408408325,-0.8821433354334673,0.6294835889937085,-5.278286558267492,-0.49684521867408776,1.1199367538795788,-0.6360127281093906,3.3180276655677474,-1.397920256998941
14066,-0.7243858290442704,3.2196507316177803,5.407900175275031,-2.829140227154848,-4.75668896332593,-4.880517516597218,3.8799699301924555,-5.482210980558315,1.1073643696498716,-3.0317117713876485,2.0591682895695858,0.4512513714104032,0.947735953306892,-4.203136262303784,-1.469897161251951,-0.4869812063878044,-0.13382041405147216,4.968810810301172,-1.6154063050862697,-0.9643875024104545
14257,-26.86090149478026,13.104849095448046,-9.45035839168658,14.217223834447811,-5.840076421525172,4.6332268750833965,7.179169398746935,-2.1587164065095377,-1.0736407951647593,-2.8449132023361403,6.901916104649329,-3.094906777638643,-4.4408353007063,-7.55989600112353,-0.6817294578109808,0.10261926397927375,-3.4812887528966803,4.094201755897484,3.2167104567232814,3.3685901159955125
14286,21.619036767198732,-10.568002070556872,0.41349976403647853,-2.147511999516585,-13.552352552618686,-4.206379037200303,-3.0894130273327014,0.37067087554310807,-2.078020115574985,-0.6034299839072129,0.5306317341386527,-6.538349754394281,-2.7130520035522925,1.7804603374970551,0.3700254276288834,-2.602520757953469,7.840107110149159,1.569490836493085,3.818636394136725,-0.23589122739161933
14296,16.05625424710343,-19.885713913784166,0.0927672633159855,-3.498989793844541,-0.9730041314289468,-7.151403955255966,-2.2848512391855134,2.979869524130624,1.1422952029025673,-14.824898744405958,4.684318915298967,-1.3937953943279533,-5.404411922295452,5.124422050172832,-1.6385617375516863,-1.1071221413231322,-4.209680167764835,-3.77214841273274,-3.4760466556615714,-5.40786644596687
15448,-11.361957858890568,-14.469685785889329,-6.700157438958006,6.461516812816169,4.76854247750643,4.0730567933333015,-0.9917348530410232,9.701639924687369,4.147347204714899,7.212201773613236,-8.638441949033004,-0.27577845925745764,7.400855931998498,-1.5104606760766035,3.8210003599000246,-7.99512047899407,-2.490977391497578,-1.0029985316388939,-3.4733532107066707,-2.5629575518399412
15600,-21.03074657389895,5.820690220144425,-22.201828647195534,11.271326962211539,-7.879460611557122,-4.42876172562811,13.497232733127213,-6.236750854120175,-4.309177622471772,1.4351542585752253,5.680598581020142,0.8410400267371246,-10.499142632704746,-3.970281428111239,-0.6411139355664999,1.5193284757056105,-2.4575082687289447,0.02776030123643039,3.425714443494919,-7.02537988960815
16029,16.277715191153042,17.699523503880414,-14.84868335504583,7.292914068782908,3.8115356963563523,-9.390184755726624,2.586510619385813,8.917310732145204,6.026498209452621,-3.389832573504779,1.7571110320112149,2.084208585912836,0.45371442043450533,0.5419311426293734,-3.4644830668065327,1.8879494594106878,-8.343579445024316,4.681241597794843,0.0032214457816071274,-2.5557964962734783
16275,24.414795500361688,-6.161945986083509,12.26324526855219,-13.6039589076373,9.09024404334559,8.432290893849913,-7.6556766485745875,4.587482070993125,-1.396656095523723,6.23087265490386,2.8609874311512398,1.9783066339938353,-4.01531408664414,-3.3064430323665603,2.86571034574033,-0.37039876858153553,2.480922579674386,2.5633882106731045,2.3004767812423013,1.4638352769037153
16301,-9.867886256424411,15.443286505442705,11.637399506409452,-6.080957996807171,-4.834539372992896,-6.480912907573215,0.8594875128411328,2.745776554035402,-0.5095289826536763,6.145688328637333,6.529024294125578,-5.391544699461296,2.586536699410007,-3.000530514937643,-0.2905277283903687,3.421567469148042,-3.1827249201061925,2.7014529491798704,1.8262326621070544,-3.4526043254958836
16666,9.030143113630691,-5.103314256803375,-10.220130819609858,2.3659391256292466,-0.8825927103686511,1.0957827578477144,1.9287095185992849,-5.322069792235554,-6.439868016750238,2.455711096656977,-5.637377779192036,-0.4339977035223974,-3.2089248173241454,2.1854351332924593,1.1427607041329813,0.5124296001830467,5.0780099533512,-0.7912466192192457,4.031774467942833,-3.3986755389403935
17008,19.828012196066453,18.09922564032456,-4.004180531814323,-7.260912828969453,13.963000624899953,9.452709762028423,4.842926032769841,10.295545422973799,-7.895538330390516,-0.31668960244541905,-5.265630462563928,6.485525109945975,-1.0847524627768996,3.98163770089917,-4.577775371331245,-2.5712878474154315,2.2617121409072904,-0.8134509005929949,-1.6249184449281282,0.8949294517646637
17769,17.315573579066562,19.666756559211066,-18.222634774608252,1.2294940413624293,2.5994290389590495,-6.283851014104989,2.53218980588781,15.246898837202682,7.222040996450132,-1.8412210090354169,-0.814550336943406,2.1569031932480094,5.996877504131721,3.902859649990204,-2.8577504219277508,-1.694689950488959,-2.7269421654531034,2.4374663552133944,-2.9779261241825568,-2.8445352518422067
18554,3.7339437828713034,-0.9742093265435684,-9.428238236244614,5.81956678017847,2.218170239722276,6.722575809802321,4.783607621173052,-5.5329200789809905,1.2254515848726353,-4.619169065989799,-2.5031563226439055,4.388313997448499,-6.054106789396773,8.531222062592647,-2.3187208133715504,-0.27263259133015316,-0.2208070287110756,5.821315816773491,1.9422135795643931,1.33810329496836
19309,-12.184887374842305,-16.475330591775855,12.020839650319374,-2.4642755371395566,7.699617228419208,9.257723477070977,-3.136348749511096,15.610757646202076,11.058873660604576,-7.985831631515937,-6.918109075643765,3.0743497170760916,-3.770962817333941,-2.4163199860445665,1.4128431312953746,-2.5669363361733075,0.05461032863177702,-7.689159896694347,11.267363567836103,-4.823988178564162
19460,18.718510682524382,12.172096780367141,-28.199574822659493,1.254471692423418,4.791478345454034,-6.381817839857431,3.712327919170967,11.055070230010438,7.596928537994419,1.4368454888376716,-1.8357818526641658,2.5789194344959303,6.407268179630357,0.7301131627371577,-0.8551814669889256,-1.3377292994155485,-3.756219510469102,0.9807954103068941,-3.8616176073098503,-1.7851538262195217
19707,13.788454051594185,8.944935262416964,18.643288813009843,-0.45941266740661696,-1.1265918928358403,-6.947642109052436,-3.2114530651718405,-9.659356967895425,9.574014123385808,0.417174504146859,1.516873110493491,-5.247178517168361,2.7878902962954557,-3.9683331095859016,2.5042046581158215,0.6987701826549495,-1.0325064664630472,-1.7209307277238661,2.098177066097154,-6.180339952040195
19878,36.052956978722115,4.2719286861503605,6.7343009867811325,10.654383784450784,-0.43750369406168566,-5.378059433852687,-3.1219940719513413,8.010083687295237,0.5602399878068046,-8.19772089666761,-0.9643502850080902,-0.42027521439464804,4.375311707297541,3.2192420956309657,-0.4878952709423215,-2.9134831619892556,1.0812971633118877,1.0920124373834939,-1.9063679071673092,-4.6550336127163785
20083,-1.847484027359652,20.356577189932874,-15.497661169352686,-10.940112297178407,0.5880452222578393,-6.537716963723711,-14.197408242505588,-8.651215132866046,-0.7857508504395552,1.0373788037347174,-1.099673172501214,0.4515197847318367,-8.536959694682972,2.097729501030552,0.960747256572162,-1.804288139899672,-2.9593896777695834,2.0486633339790012,5.891793007422456,6.13238960164136
20748,30.94509878703553,-2.604989792002345,9.858135356646965,-6.6677909123455965,10.582145003345248,2.6516452929045027,-2.3873071361796603,6.916935719797415,-3.547087412817155,4.64819659741866,1.777505396681958,-0.4613759421661148,-4.949445916314333,-2.1712821076941857,-1.4519969659564094,-0.7215731351922859,3.0432170259160474,2.822313735183943,4.975027322896376,0.44703331567648485
21009,-1.644009871487422,-11.974623428288902,-4.066331361932447,0.5897816162719857,-6.163080603517223,2.161195703436072,-0.0010076138727678605,-5.993687365515165,0.8782879640294393,-0.8452864682334025,7.655407011278306,-1.423669066545037,3.0226673063728664,3.083698708280108,5.419763167962306,-1.915538243103177,-1.5789723911045819,-2.4914935213748772,-0.41112615194213425,-4.814078809980047
22201,32.64012139726745,-13.725181793045147,-1.010075856895336,-9.781188612435967,-4.502482834106904,-5.573490634615122,-0.5915451878961336,0.4106167687081675,-1.385789568362685,-4.9876633638040335,1.4123262435116288,-2.8703880576118554,-2.4937487294395453,1.8507229925145898,-1.7667269007135213,-2.4809068500616824,-1.6191971555957707,-2.35096955872342,-1.147862304060345,1.8787994687671643
22217,4.12056672287247,21.910118045051455,6.808255117602139,-0.09647666890317219,-1.4909526065479022,-6.209810748420692,-4.262677074534865,-1.9886143382410695,3.341062890781646,0.31224913012642097,-10.255745621594956,0.6418115356664306,-1.5901634168698522,0.9392706455802369,-5.602744513312595,3.3159454627073344,-0.27750522526943944,-0.9788474320519577,0.6344211835189159,-0.9625013491849513
22386,2.746720367071756,16.310936705219806,9.596068620385198,-2.8295853945061245,4.421908600570318,-6.273070700312989,-2.704417338627749,1.0967743477783467,5.798315453789782,1.7838924739229185,-0.4816777223252861,-2.1490792234903164,0.4542772681143076,3.409154309541097,1.1687055262934452,-1.3217443689764197,2.1065195545770194,4.055790546401622,3.5179975651311235,1.2535253107672575
22556,-20.11053872470987,-17.76882271063677,-21.87996193203658,-2.324586920245212,-4.636538960924657,-16.20882766149353,16.06144984765042,5.343184555987147,-2.644411510838491,0.19615376372043034,-7.915968172171061,-5.942990504689166,6.138068999740232,6.367426569713072,2.04277707179979,2.193617335518175,2.4887255537730466,6.1771027256361535,-1.0839124170247445,1.1710858777645563
25612,-22.307243304124,6.714366062586196,-10.464824363190958,-1.30949177903345,-7.358103909300967,8.578026433616186,4.824816178034087,4.583876992549231,-0.19502265256534482,0.36842283951703425,7.357520054080794,4.9046762864747375,0.6142419956070213,4.868068008619512,3.6634499996706706,-8.727855748782178,7.909454024845924,1.5361132077906157,-5.155627035540194,3.5982440233935518
26447,30.001519491419703,-4.586206422043364,-14.549629167443694,16.149686498290336,1.0614343187552122,1.6541867796283345,2.7653097851204422,-10.86736410936154,-4.321676700519802,-0.5836031580872505,-3.5984024059862483,-4.218338439900302,-5.376227802878741,0.671790775261702,0.36799207767544834,0.8305842501154683,3.070382633979972,0.24461141510282067,3.850901881017513,-4.27782372820363
26808,27.407604904982115,-13.054602225213774,4.536391536583987,-8.613927764361813,-4.884086589724533,-3.3395180996443012,-4.424059082080819,6.170779718459134,1.3833625147011797,-8.551643669049447,6.542875835399295,-2.5237954199652575,-0.0963314168718909,0.6791253452234732,0.8640120866850387,1.5227173902523221,-1.7581490954913668,-4.389131493269108,-3.933605786263397,-1.195581272094374
27867,-1.6160763317784441,-6.940929431789208,-9.936000289873526,20.369771048010325,2.910594036008593,1.0371316750831798,7.784549487317847,-7.21498268374797,-5.409979967968001,-1.6839438804263578,-10.020861686554706,-0.7870933376009299,-6.013491916416992,0.08052137431325282,1.1819421776275445,3.7590560807403364,0.1980501946917901,1.925817784280692,2.0722585921265675,-3.964058296898592
31244,-3.9490502483761487,-21.60497439629043,2.960526357285261,-5.561858265597423,-2.9702471626865625,-0.7514232823645888,5.297162837257117,-3.516426909647711,-1.9931539170812576,6.917221904757982,1.3586545547032727,-2.896030485930011,-2.3366711959082673,-1.4569938733510421,-6.272874512778451,4.846984342232173,-2.956739036034573,-1.0201080203829829,-2.815845768143802,0.4292581702195171
31246,28.65035542512901,-10.066189128933654,-19.27065089170879,-6.624740466892201,-10.978705252332944,0.7452049855190221,-1.5498293980106932,-8.704328123189692,4.380285904397306,-2.282862431409345,0.3268425306115523,-5.204508482703161,-0.2820597048927711,0.5226778495468322,-5.360721156589944,-0.7891674942856952,4.283121871074156,-2.0160930080644524,3.837622721592721,-1.3592351697477356
31249,-16.381120076904036,6.9631297997393515,0.884004591759339,-5.4681991763602396,-7.729218265273586,-7.6359579803358,0.9713373453499086,0.9080651455940255,-0.501277953908601,3.301970929354669,11.66500867313386,-5.167412007030681,4.362836508959055,-1.3672355016115263,4.8431955667273305,3.8777688940073163,-1.8500222690517552,-0.8905432265760688,2.8641494941399634,-2.2076518324864383
31252,27.493182876835483,-10.334609943337274,2.060046681017888,-11.103745344030125,1.6165986479426309,-3.4998231984352306,-5.977336234565429,3.928698353268159,3.593367736050079,-6.652075073013863,4.232141926513635,0.8849189934754642,0.9118225975000862,4.216816528979715,2.66786997289035,-2.890079249618381,0.5829011368762359,-3.566635110373868,-6.60268777460409,0.9166346415504811
31265,-7.51738094828594,19.05256311892573,-3.2702503040778685,-10.96690618392223,13.922751916996281,5.595773056195987,4.923250403143721,7.901340509496978,-14.75278580427032,1.3953481029410126,1.121803114109257,-9.678113008907905,1.2017784237621199,-0.28883291790512156,5.774578830800993,-1.5688323013839554,1.4538942557512087,-5.250395973552847,1.6512235658536951,-4.489042709263668
31272,11.523784916211135,25.331452252749,-1.9632526079291934,-5.84243046523194,6.956649979784019,-3.692289108988953,1.3242863338503035,-5.271905427603221,1.4689801132130336,2.0297155170022143,2.291615636262147,-0.3647524609546054,0.009463925948164196,-4.3739195426699435,-0.6052491259220885,2.1867069391720433,-1.0527301428016762,-0.998942647798762,2.255755986335984,5.03471882447404
31276,3.934172555906567,22.58528307041927,2.767601631538703,0.18337432886697802,0.8062418771410753,0.8615322657962159,1.2999967825564018,-0.41044772830215637,-5.22984992833466,-6.111962107732823,-3.6807017016699715,3.5686208630745493,-2.949764139884859,4.630208818609106,1.570521990812325,-2.6544674497275405,3.825470942689807,2.141933540706871,7.388459882542628,-0.8919280720860292
31283,-14.912767102399451,4.944040529395093,11.851640968499554,4.471909680690145,-13.872520105286847,-16.561643359661996,-0.2672792394884053,4.75241120887326,-1.6358397147604522,5.30678289779942,0.19487140687174656,4.969360003661302,4.023767059748067,3.9278575835920173,-3.6129590384840253,9.98001853358815,-3.95239307965157,2.0299850361528025,3.6482005628436323,1.6977522953727522
31289,-38.43536661826161,5.554213503239826,-24.80941552712011,-14.714399120329979,-0.16055138245828468,8.065926576410808,-3.7315563788280826,-1.455166523203934,-5.784990098423323,-8.17753618048532,6.170039546609545,-3.669514059636112,-2.4909287071717343,-5.208945060717687,3.10266577422092,-2.9550562355345926,-0.5908026393183751,-0.784575794848222,-3.3990348505631927,-0.5363788741172607
32045,-12.137885429474618,-10.28696054825712,2.207387171941645,7.364788291358123,-14.375007325118304,4.511302213986955,3.7563735229660766,3.9054674050728524,6.946693272590431,-0.9000116141476026,-3.021760755013041,-2.2765703411448612,1.423601904369086,5.4136255858938584,2.723858722978916,-9.00900539994943,-1.955627164970278,1.5963527186973512,-4.111519323787737,-0.8139579356518649
33094,31.484868868347352,-8.129756164368363,-11.32287289272089,-6.0554321519252765,3.9721984309370324,-1.3348924151597672,4.23314589968997,0.554731182015147,-1.6307360115558203,2.5735450472668226,3.499948225310415,-0.26230961371150824,-1.1551954659957238,-5.220382800780759,1.8801766844184704,-2.414938169305355,2.862645426191444,-1.641992744835401,0.5123906988877078,0.9358090706346032
60997,-9.423086732752045,-16.149601565207224,5.211137935181515,9.136055534485584,-7.060289415824171,-8.749988533230214,-1.0738625132560757,-1.1966563480262624,2.730275226810544,-7.165408996906847,-11.674467195708706,9.47498250834265,-8.29187320918079,-1.0196758412988929,-2.577400643312863,2.313183333626902,-14.641929390831228,-3.593613243928126,-3.3054101562566323,2.9561203908516194
61016,11.38068660975655,7.270181635030837,-1.4390423227351261,-8.120218586991895,5.162624551346597,0.9619210529188474,-0.1084195823711337,10.246841557608366,-12.802351496737353,3.401649302800582,-6.637990764779671,-0.3859646047126554,0.9158706409528959,3.998710419266304,-1.023295368857401,-9.94595254599941,2.2885581724514235,1.6287273699149114,-1.6596613378239022,4.897489350908445
61020,-7.273490802986887,15.475413478351975,22.955225753680438,-0.7919465399051617,-14.031091536723713,9.250782114796245,2.7110254449461153,-2.035719615159849,-3.4828817676742903,-0.05046011999140799,-1.6958360802555128,6.724158121712647,-3.1374752232331655,0.59031575140133,-7.3968411498997835,-3.6099568040554173,3.4432950624610372,6.094651187388529,-1.5961125410032915,0.8630172535304711
61138,-15.774359737568515,-10.121461976743813,20.889911110621497,-7.995332384157544,4.1289847564904845,7.4080512235291955,6.325902576326192,5.001260908111016,-0.160001217343978,1.6135487656325906,-2.0853440260013474,0.27456125767343864,3.01930790173054,-4.084618784938111,1.5796127572640368,2.2090459579684563,2.6966049848224305,-4.861278154747683,3.556638908608502,-0.23265079146450923
61199,-6.10433642436018,2.8647523747051897,17.098896156676172,2.9102056119468895,3.104972822042195,-14.471399904031863,7.156904351328487,-1.39870919481144,6.4584019363576175,-3.669890148264874,0.3456971916387756,5.714031993041518,-5.307701260340017,-1.632072700113555,-2.2659297537264336,9.980423001446331,-6.779117762277103,0.3779073341969037,1.0254297421891143,-5.887069953187936
61206,-14.04084014378572,11.488263121280578,11.464785819256152,4.243596178894556,-9.770961353547795,0.0829245248219182,-4.8127729720625325,4.311441805983067,-4.7350827599304,-3.9364179230274856,-2.372909028690637,1.0270703320787715,8.326160308340613,-2.8477649955681885,-4.505164809693368,0.1506083597125441,6.55444100680099,-4.022574746202764,-1.3676499693828406,6.069507943071196
61303,-13.015129561461588,-12.943875442744826,-5.675066515595174,1.216961379643007,-8.120022135686348,-20.206308690153694,9.976194119759777,3.691054473864064,-4.286964935222816,-0.32989984370113,-4.485133618264688,-0.26620113552197117,2.2926167312875663,4.38871082502979,5.545115996380478,2.026132519715037,5.720500125054984,11.288105639343522,0.34792665421534386,1.6422220154257896
61384,-13.050423384344594,4.360405698498547,14.332305715837954,-9.294996415703563,-7.764926508687055,7.631676312824209,7.067973815409875,2.8866887609110483,-2.2677238783823004,-4.513965096564766,-7.6892526444801685,-0.9865516325312981,2.044128441436936,-12.340343725179665,-2.3798703481744634,-0.6753468760360956,2.163641856482805,0.011858008765742039,-3.369300998043923,7.482481413012766
61814,22.561884342774043,-24.936552928244826,-10.119846903311007,-6.558188758629822,-3.2148617876969263,0.5676792609567931,2.432967518577412,3.1246514084421286,-5.044823972809994,1.2002039365042454,2.5690559940622686,-2.851895046531524,1.3742243706643662,1.184162825160727,2.6941040411466255,0.7794693507160599,-1.2825503898955632,0.4139955679081506,-2.8093371291743283,-0.37175127903429406
62003,-16.648554076521716,-16.611375251458654,4.394520694201307,-1.7848314276219783,7.8500525609564225,-1.8010693196016139,-0.4293148452978864,-6.470823992401124,2.0565969508057877,-8.698177165498056,1.5233801445114954,-2.4168734273931376,14.593682881645249,-9.254647689043525,-5.025720876156538,-13.893837856517752,-0.8060165959830569,11.891897725054832,3.025142219886253,1.8937735345977669
62539,16.435367968168535,7.016671591480801,19.72284575523619,3.763141840001142,-3.9312992149954376,-8.49341083508255,-1.712635229939249,-4.339752848100094,7.921884094606534,0.5048993531002128,3.3372225951426673,-5.033663642871577,2.20342903762646,-1.8076969727705536,-0.2835746699386548,-0.29347291125114966,1.6958988103553614,-3.4007964840581892,1.1368767538021218,-6.54721848830407
66774,-23.0039970924208,-5.526262082582041,8.158584219433369,8.007299932701397,2.6059780687203347,-6.42617369680864,-13.58833075413692,1.803232890534426,7.083210447463092,13.966748024403385,-8.056860221723358,-13.561280356626197,-5.616384324470475,-2.790120058475973,7.656410680695873,1.782277856639085,-4.378308494500756,2.054550279359557,-5.900078831829102,-2.4191254313681627
69963,-12.671906615219445,19.023374942864436,8.198416313954304,1.2211696640284575,-14.177657242810891,6.9615368000183375,-11.3665685746357,-13.940120018894918,-0.002712455832375573,0.6823384731886837,6.299581176275204,8.19712440358251,0.860855712344417,-2.621159958291577,0.13125817319316765,0.7841327773277971,-3.175222410011015,5.262311239015659,1.6342444644646816,1.5380732987466292
70099,19.597724757214703,18.939301743559977,-14.926336602354073,9.838453634516679,3.69539862800799,-11.944793766830262,3.4395555090143404,11.511521371326483,1.1520130302826976,4.08626782427759,0.8605122769993644,2.338468362937833,1.0301601580141642,-0.5624717064660933,-0.477614930209126,-2.6588097292988055,-6.67075955326109,0.7794676288648508,-2.1074148751682404,-0.5996159253511907
70610,-13.707199580454569,-15.056952826602432,5.3491181577485944,-0.4947049634245448,2.0075451710016163,-1.19377959565496,-4.737263732878647,-2.687953991712682,1.3102277704124743,-1.985575534518367,-1.0950597720324144,-1.0299572626917033,3.121006455664641,-0.050871652495609425,-0.10371715494836105,1.646461675676427,-1.9049480680365154,1.8689389258611928,-2.959594099422116,1.7781742313449715
70615,-12.359309127869949,-9.69578789660387,6.537678847565985,-3.6028340171571007,-6.192731895803843,-9.028689025573584,1.9542586820694081,0.4397038041689797,-3.4317250694090933,0.3171286618009633,-1.7035649137715727,-2.7503674366394293,3.329076661275347,0.08085371112231453,2.488725619429501,-0.4046659321303987,2.3763092054754553,0.7087822338572458,0.4180288287015639,-0.47049541773340636
78274,-11.066917062108102,-11.940225677055645,5.1789108896647145,11.598449124823173,-5.721362019557367,-3.091258561232878,-2.2699368019285497,-1.9114550211050667,-2.320387492287554,-1.319381901988867,1.2432109808775262,1.6769247069747282,3.3242865155033137,3.576555720299395,0.9197202428054186,-4.995047035183842,-1.0608762523956161,-1.5558410597322196,4.475075416468495,0.8558574183360662
82229,15.753898642987728,4.885272302823235,14.782763942586621,15.62320483369908,2.9218886923516596,10.372745749406464,-4.031858076576801,10.067358660766166,-3.578747875738328,-3.7320461646927,-0.15442491784173484,1.651542819564414,0.10504031521836231,-3.302160746420606,2.246949029104628,0.3526732788043255,1.5225832059159106,5.831065515933992,-5.210217569743647,0.8893530818483195
82916,20.59617312807064,12.637121337305977,-16.841595339292017,5.652987880233699,6.05355018830384,-1.2903626289412156,1.4696483583600182,12.505738264397095,8.267705882885027,1.9818322868544607,3.3454288925208933,5.496281350313062,7.776104674543637,-2.671446536442261,0.2954908133399331,4.085471120593233,-4.9610329868261385,6.214399917142398,-6.9026850848941335,1.128750387176258
88068,-1.8282330024691151,-13.904552397978273,-4.31842809029491,1.5984245990367871,-6.960779776940295,-5.796042175334222,6.364523070873831,-5.855398730315175,-5.622015626723326,-2.8003209492894325,4.744665124847231,0.2260754873582057,0.37563823753138564,2.570838673045298,2.8568084946744756,0.19075964514699922,-0.2537235701250478,0.5880895516149909,3.3375347736197947,-1.5882342317343385
92831,-17.9525701560103,-7.497489772079602,19.84026131028027,15.379968125754456,-2.420746894719636,-10.906032583365135,-13.31981313047288,-1.7639898009728814,1.3502559064726056,12.895941525851741,-9.310645536011384,-7.5420792559660885,-6.702398449138191,-0.32804886245008985,10.677190137878958,-7.46160746438739,0.5834676928460266,1.2688140659522351,-8.305838654493655,-3.2164492563611446
93009,-6.146179556645331,-3.2103113415405247,-7.649534386063008,35.02601627064828,6.516409980247073,16.800403313727475,-0.6652345021866791,2.5903034541441134,-0.8858423863115673,-2.511959651291504,-13.362269871400683,-11.732133923728117,0.25568440716673124,-3.0258383519859646,1.8650969522056793,3.233279041713314,-5.721856333977221,-0.4512768337832338,-4.158203528955903,7.8515721292199085
94060,-2.3487133432469514,5.395062082689695,-6.703120510309303,11.682932951487077,3.8128060292718993,6.5043635288150705,0.7341822615203456,-1.7249986983092929,-0.8968172255026492,2.643264058528869,2.451525106735056,8.095074694373347,-2.3330522909646536,3.0550032548790074,1.4361922141978347,-3.0243438864374,2.8107352040574893,1.5562338686480852,-3.10406706201598,2.573146830260287
98471,21.22729837940556,3.173661634321444,12.087510645835488,-5.68458154435854,-9.381484925233881,4.467743800186791,-7.917182643958426,4.774571218456729,2.291301163036055,3.8305581772733417,1.9923519593108643,-1.9547357677047668,9.536279496263463,-2.4969038702585635,-0.28907353320372975,-2.405362882358181,6.282710789430561,4.084768010587889,-2.015207532189454,1.3727439932930225
99873,-9.419359993440356,11.808971103225064,27.454503447988582,7.558657743332679,-6.382013127646864,-7.960748381784749,-1.289635164310856,6.528706266197199,-3.4764586500469385,3.0794747799796625,1.9472683677966194,2.2684790437984117,-5.222582558211322,-1.092866021989583,1.0705393863981718,1.473999908146635,-1.8906035019404082,4.776570986758014,1.6449851063541534,-1.07887544562187
159055,-5.600777788227707,-12.973445335288028,-5.4713005073086585,27.701185913387903,18.713198010515786,7.456642705638182,-13.301768430778305,-2.3929772800706757,-10.80153376509709,1.6283709964831552,5.490330868199694,3.8965365139727566,16.365906997953612,1.5956731878293973,-7.233134102290937,0.15387235263207708,-10.355136039135946,-6.852081247815521,8.664428465525393,-3.1635809760223674
219794,11.797382349974182,1.2419307729037201,-0.019656003830808445,-9.849017350733988,-1.1834004650156902,3.3007602396607765,-5.036157214242795,5.807886226079243,7.190184821701995,-11.64026480732527,-1.9364664363344861,-4.749909759182962,6.716739725760498,-9.103865304235214,-3.664258170636754,1.1939930424998733,6.98026482330476,-4.1324987028461315,-4.249859462129066,6.854202373278912
251531,-11.038745709836698,-7.10043608143564,-1.480145079451398,-0.8276694966121407,4.10931180383252,9.448556539090058,4.2749070466899886,-3.5844146045006173,15.691665623660393,2.2438863730599876,-0.4621237732093524,9.734248267097765,-5.879431030309012,10.912557907356094,10.873562954060992,-3.5697390036502283,3.5396260998235025,2.5977860264637327,0.277105378404333,6.088649688569259
261491,28.359836852583726,-3.0202536612137347,-15.113574644275989,12.252080821835424,7.6950069028694985,7.112156971587173,3.1368794962053435,0.5204656931515871,5.3677031915576805,-7.036641586669548,-2.335483772557283,-3.014219166518133,-6.539385010118746,-1.0077253663170642,2.438604387933355,0.887812560442367,-1.269615296467962,1.0557524275363293,-4.553406545340375,-4.937583776814056
369312,-3.623636752613857,5.188916992837585,-4.833442657755302,-3.7849589631277336,-7.628559005059392,7.509440195964491,-7.641358547223981,-2.7962886015153328,1.3175200576767658,9.266413141889709,-3.0134376763500366,-2.217564455699099,14.678643935075263,3.604184158216384,-0.8599907907796667,5.5615937070812,6.92033099439873,2.495282269879123,2.0561704946446895,-3.566346296637461
439250,-0.37877285559241175,7.575718096413812,-9.7198840483759,25.377383595585073,2.5477836694613787,17.575356339394958,5.7560596800559605,-11.777645290871796,-4.772040330220572,2.743504747178619,-1.7311209025342496,-1.2058064996631108,-3.3251692469314893,3.2386095140337114,1.0086944554343322,-2.410439624913964,-2.3703623861316525,0.771066945714658,-2.2653759739685304,1.7241550149984708
439570,24.650163066011373,-25.721383713994236,-6.806945781117218,-6.754814139657547,-5.323027541635754,0.03045263096616173,-8.84048914871999,-2.0585880054656798,2.734074851561205,-8.48866828820645,-0.41253534921660545,-10.32503860769488,-1.7933343511094082,2.0176781897919924,-4.734769650180183,0.4554946005330873,1.1452393259945362,-2.811361173924296,0.48562862263938456,2.1911989851162375
440917,-5.231111560565285,11.527924710070204,-2.966309372783999,20.029244984296593,0.6684002711708491,12.386161716107019,3.770702977952087,-17.137650108095244,-0.614040159144558,4.293813150576348,4.759070445480514,1.9167115289091181,-5.707009311476179,3.970494318071831,7.697972757113778,-0.6388039662318538,-4.145318253334273,-1.0139487024245262,-1.0372685693355683,-3.5700613187866277
440967,-20.86304532521915,-15.372997961579975,2.129208653837901,22.002304507696223,17.1325658907069,7.490853222326383,-10.87043503459163,-5.6813585902062735,-9.775849959285015,6.688323262343156,2.582115406758292,1.8232584492545214,13.608145989406964,3.612326688400226,-4.583826964468169,-2.332089830081367,-8.150153086345295,-4.536350796350822,6.366963782466819,-5.645606491020392
442478,7.392536662206062,18.75437312933519,14.917400160453171,13.747383803840393,-7.121093445566081,8.805535661621448,-10.341605816612244,-4.31675489821839,-0.8419240538826204,3.233038311129304,2.632654892310703,-4.183582534456717,12.403232069011509,-0.06614309615321375,2.282610928119041,-5.551282147105406,1.1215595216266514,-0.723746282515837,-2.6412720787594854,1.859981782344787
517827,2.1091372566366204,-5.536964709340639,8.238663318435712,1.996948236357164,4.183150214829674,-10.20453064673887,-0.9769194544252502,-3.8998962606531746,0.06043298763286732,-9.268727199135549,-4.407089707406527,-5.609324211577478,-1.5815997139922713,8.50427878225244,-2.866522271096241,-3.0704087040661587,-2.113336203771055,-0.20365800600039236,-0.7245193488435898,-1.7492797384729373
565690,-4.3129584627757716,-2.3936554987964667,-2.073361617466459,0.8286437667389859,-5.488170270253101,-2.606434862413987,10.642701810324354,-6.337644873943272,-2.8060064819408668,-2.8759226255032364,-8.248363548685086,-0.3629906560442393,-2.0347615813628246,3.1909580300495812,3.4944048391603673,-0.9876535523168317,4.1359830938588695,1.6374919134432016,-2.328209471730838,-4.928729208763163
636687,-24.890535691626585,-2.9937538179004872,-12.70777051143106,-18.760534193084904,13.295482280518168,-3.0122122507394145,-6.132730739092412,-6.526859101619452,-1.8887498581942124,-9.72093511065823,-5.457578209660917,-7.199092691652823,-6.536962109407456,1.7979818069627052,7.075096955186604,-0.9108507111246199,-5.0112049142308885,-4.638434848882997,-4.38056902421711,-9.345120451968079
637511,18.413689182578747,-0.8506367298169024,1.7635528940323797,-23.880652705789846,-6.564263159768994,-8.13933599040727,11.802813411650542,-15.580140832049732,4.445137388284036,3.4504908115767874,0.8905408819637379,13.970132040546254,-7.081665053577142,-2.746183054017331,5.493791708325723,-4.6503972214400875,-6.110999249707167,0.2321279501729983,3.6021252045958083,3.7147419530851202
637520,-2.849745371962765,-18.229906966957117,-4.256451000116369,-18.493919885187548,-8.152493205890313,10.075565245884366,7.233259220951849,-2.068798064567448,-0.6854192461414986,8.828232792659259,-1.2743533213505067,6.000852647665202,2.91905071410818,2.221746210855353,7.505908335231465,6.091896517171425,2.2977742600707196,-3.450921035576097,-9.196233513076198,-5.478090360852977
637566,-16.88342856909689,6.440639890492756,6.340751276388705,6.323354952691543,-13.88414029923992,-1.5786623111062055,-7.821397728142891,9.10870144355161,-2.929906425697974,1.539738299656697,-2.211142409430057,3.589939463782699,-1.1229741094778807,-1.4673396930448974,3.1435867432505495,-6.476818127904951,7.023405165586124,2.0503008662705158,1.8746483465009762,-2.397765019617392
638079,28.597058438040843,6.247832896174445,-14.98475055836107,9.969963573736335,6.387710705260767,-1.8823786387309267,6.3742353202625495,3.7710010409087396,6.61624759180734,-1.2684673985767168,3.5568265513726818,3.761186196065112,-0.1902851233918678,-3.387123398397135,-0.8254842933893232,0.797041376022497,-4.816468268701711,2.9683833411498166,-5.284678922427972,-0.19750657651566333
641256,-10.942532641071706,-14.659697016954553,10.380564622441407,0.25564198437815155,11.69485186984397,-3.6472477123575415,2.1636567890455844,-2.0366249784240065,9.707019192392481,-1.3751218997147057,-0.6510601606406143,5.4498703817605945,-0.35145917379061836,0.4236282406249166,4.61211931549181,7.221902721379668,-0.7040864722051011,5.303893163860139,3.0953839311946756,1.7236273534999462
643731,-27.306452454249683,1.8829415548974173,-13.242166771142047,-21.928336561906914,6.828123471103343,-2.4611550428453257,-10.670046645815699,-2.454534112218964,-6.703431656928954,-13.493700154096803,-4.085611840640887,-1.9114603447978513,-8.574456575623387,4.372054437324943,5.780918733067609,-2.147923749947419,-0.11216564825333651,-1.8746609896239073,-2.6175035585308395,-9.46003162427891
643820,-8.078460929818517,-2.140730677196612,0.7756471903951762,-3.0319538498650758,7.1379052000734555,8.961987736970642,6.642759363462003,-8.440296825135627,8.925983792102523,3.4731677502208465,-11.01522412138152,3.5646658498795665,7.679224557492311,1.4152630202932075,-11.787833787466273,1.5963560767261207,13.471261298449338,-5.0964130886476555,-4.141340059299558,-10.633742885057615
853433,-6.3270196322426715,-9.419840370499815,-1.34914035959888,1.8851038627187933,-5.559902451979028,3.6680911135372365,-2.0454961057965892,11.971160581102751,7.469596136260839,-0.45432237844512136,-0.3583249318330195,-0.03891782465113051,-2.4616552303680863,1.8413535364001075,4.784239172214135,6.7177627190300715,-1.8134202767979437,1.3337343936443433,8.899507985374632,2.4013486019818022
1549018,4.505880585484543,-0.40087273996520467,0.4440739824366473,4.520343867068585,-9.040265351902587,8.259900181515492,-9.277058666325257,6.832794281851859,2.320470539094145,-12.31010203859827,-7.397288570546216,-3.8515258725642276,6.264747598219363,5.789852041597821,-1.1524383228366104,7.539628149898761,1.913643707013683,0.0031190574189035526,-2.040630804965356,5.616696389479013
1549025,-12.8693271424484,11.440558787179713,1.663367958664822,12.000910480451969,5.051496039829581,1.8931863699798646,7.439770743224635,-1.5264155799968595,7.264361030208611,-2.789731193092989,-15.089075207288445,1.1484321532213133,3.7741236747867846,-0.08825245380236253,-7.115831229687921,2.4496387311924948,9.751431561517597,-4.577159750052351,-1.8394728995303093,-11.661107074049632
1549026,-16.614668578738147,18.284623014500824,3.200225823819847,3.0810320804228635,-0.023127279673050834,-2.9066164863729216,12.576428710604304,-3.966846232148138,4.54994034713318,2.615166026052988,-11.521486515161568,0.569015371837802,8.852660935927997,2.9392663982911835,-8.461784541944086,3.1420818619840825,14.086883344630852,-4.885420886742978,-3.0794375662392888,-12.012895550238756
1796220,-7.093242652186533,-7.919392785885897,-2.1196302019564066,9.248881266086675,-6.159109300914483,3.337191808187966,3.0666409331515254,-0.30785920029989344,-6.797912142980773,-1.6617478857706338,-4.485159784259505,-1.557656401844876,-7.613955442765027,3.4685377081038475,3.937140875825095,-2.9054280261459198,-3.1803393169967236,-0.27809190655139987,-3.0235207366801364,-10.64224386759347
2724161,13.365624782816369,-19.66256343974851,1.522858826947626,5.270773659414009,3.1868010279199166,11.064272798175299,7.312031218056979,-17.01276632814383,1.282731942569128,-0.34910931935943856,-0.6698031848299373,-5.0918770626699885,-4.314012826018823,8.000305101829502,1.2369831565569724,-3.1613928351250418,0.3921003741193617,-3.6300825120675486,-0.26980346320436266,-1.17981438709385
3578033,8.082601875118428,-2.1872179758547032,10.161615674017119,-15.085457799774773,11.082097218359648,3.04399335884541,-2.802933564669036,8.362173725979805,0.3415026955963472,-5.417159581161615,-5.651644767889783,5.918786330381991,0.21503291081540646,-7.804693808372637,5.4897551228867885,-4.050529137105341,2.9124816186054674,-5.027625426120754,-6.271016112239079,1.9014157911151373
5280435,-8.896471936540301,23.304099612140444,0.07486207934905018,10.200248517357796,-5.64138309357013,13.140314256539067,15.01180552455958,-2.38670563757288,-4.715702419663414,-0.5119639163660358,-2.8771310733343385,-6.561471595101361,3.419554785778442,3.8049108081177834,-5.837964715514788,2.3169887972141368,-2.033359431858323,1.8696118775019943,-4.316731474419389,10.972536409969448
5281167,-6.467985958517748,13.139759462929199,0.10563028762159518,-9.90362581086244,-8.527253311175313,7.3551203431682906,-3.9968194702847457,-13.740154439687046,-2.0596756665645772,8.478780199764412,2.0450679421417304,5.085244235259912,0.3823070110342367,-1.3372402227567066,-3.260382624807089,7.746123063579412,-2.6306021679531892,1.5829666712208497,-4.467182709894813,2.0952813019475656
5281515,-7.44157729182311,20.634720913349142,-10.93696980535267,17.60047089195561,5.390766578565131,16.760053602504254,7.580023223993221,0.7655935500325096,3.849681104918922,-2.380383965399698,-1.2007061209716365,0.705894299966366,-7.040185088088164,-10.95913049399349,-0.2413558943124043,3.1815828814464786,-1.412737844148446,-1.8858821295668338,-8.46282899696849,1.054134191345273
5282108,10.147501995308907,-1.089214371926143,6.013446883193595,21.16914256417396,6.785319235028179,-1.8757177450200517,-8.472072032667068,-0.0038606763035203013,-1.070171008908901,0.04500819948416524,-1.725360703846871,-3.6694128970258397,-1.9126895091950475,-3.594971421998864,4.219816618682879,-0.5857829489268153,2.5079605802092493,0.19787682773995371,2.7083281003166766,-1.9275738012040509
5283349,-25.960579461073767,3.0432671102594977,-3.5608194017940424,-9.891311196841139,2.667723687048122,1.0646035826985814,-2.0299040629705782,-13.50666305508312,-0.7751772949704376,-16.626691115010324,-0.3397697762570669,-1.3387295989433805,4.411308445286147,-17.61169903413052,0.3752387624179584,-6.199471770915924,-3.965106239070066,10.608230469213067,3.4477549383698545,-3.539991744475392
5284503,-12.845716664172102,12.9535866594342,7.509144479595475,-5.818663030403243,-10.15267293804221,9.059799152622542,-10.324060181617712,-13.758777668339697,0.39026969770065,1.2597501634721844,0.9954999201565077,6.3126188585708105,-0.43926927166507257,-5.724404841550862,0.7323016230299502,4.519898469937452,-1.4906823528847464,2.456225787863909,-2.0720694980797107,-1.5232686935817372
5284507,-2.389169327202177,25.33115325404021,13.998415391782267,0.8102046812817654,0.5464571556600935,-0.8577749203123703,1.8739896897839907,0.6851229306414738,4.515938659909767,1.5424703045441783,-2.1180696606937324,-1.6467737869048549,6.420624232721515,-0.5356245955762071,2.6423755361397334,-2.9039555438366387,8.399823282926583,2.4675580203030094,-2.1356531077092993,0.009720197115592645
5315892,-8.603296571294687,-13.796356206597203,5.72181647100565,0.868110293742488,-0.5969659267075523,-0.540160973986699,-3.1778355216802567,0.4668733604991421,5.593873916641393,2.8896180445411983,-8.804641147309232,21.522771248163284,-3.2746772337684584,-7.631312072976431,1.9134287605821296,3.986784496561224,-7.297781763504592,-1.9937523031964652,-0.0617787833548111,5.000805750121649
5318042,-19.09222928611956,7.243245255361522,-6.947854957931887,-18.13985676134793,-5.8630205347373,3.846796021713874,-9.344337578327803,-5.534704688225534,6.175668854644145,5.570962458683682,-2.4397870401979977,7.430517232739971,3.1999975224529433,0.8461901070684028,3.301887309540681,6.915773615997404,0.09177604607031427,3.116908372877906,-3.6566986654178435,1.3421685183535474
5321950,18.56204339704313,5.537205915249475,19.322150802058175,-13.038352018354686,-3.273763612247207,1.3380615086216379,2.899924971304084,2.2272863056314733,1.1841840311412744,-0.378315540347953,0.9171268296682666,-3.8705065447569984,2.611447759418863,3.6045333736323797,-1.0205645092275977,-4.127478505544691,0.6180644410053897,2.97418286732252,-6.203916031892898,-2.206061750951804
5324489,-0.9301879597965171,14.708601149773616,1.92214538334733,-1.5147230478040083,1.4102443252403432,6.382374518466494,-12.388621561392556,-7.034762592897481,1.2845192298381347,1.6985097201939916,1.9624567167750626,7.366311529940196,-5.30801601853626,-2.3688334386762784,-1.6431160964523015,3.7025528132907515,-8.878487695935602,4.4612877402990065,-3.6586431992737394,5.275491333098207
5325830,14.858151657255638,-5.115654174116391,-6.169082993802022,13.328646247854985,2.205014039825473,15.342174520132529,3.077034881981814,-11.803060828921115,-1.4156265818049365,2.6107258996241125,-0.20348303255395325,-2.857502566226149,-2.0337643983142772,4.783867079711804,-1.8044098451357486,-1.2300950067616563,-1.5053936231378426,-2.2535516192459872,-1.6751617410390094,-1.125890873238896
5357253,6.724268719197732,27.548971143291613,-17.10445654632143,1.7027673805617827,0.07183743497854551,-2.9075902694922533,0.5621130374960221,5.736885587393735,6.639728815460768,-4.066618197078443,-0.3459779799138411,3.0611246660100537,1.3263251829997054,2.352193619454777,0.7949368583640195,2.0460492914131927,-6.218896943164303,4.471176642569996,-1.6921962787755027,-2.2779832801071795
5364446,19.799928609674442,12.32715699716007,-20.726172840906536,5.356012542491121,5.142022710669629,0.7165974682249819,3.961052742206267,11.924435476692478,5.689987374169111,-2.843853421104805,-1.5137839121306838,2.9149148723966176,3.1423060670954923,1.0606006290773526,-2.6056547158257413,1.6590442119880127,-5.412407439400107,4.305846858454341,1.6434713986594038,-4.542211016471618
5364448,14.951771164150369,24.553425194191956,-25.045551175423675,0.9312106907900094,1.1323146918687614,-11.755929011352206,7.380400647312737,5.864459932959107,3.7779951466388066,-4.442860099688815,-0.14613348483796743,1.7316653753867275,-1.7136771558768062,-1.6051150516364254,0.8880139516120541,1.427006899085488,-5.374106943528704,1.3663882233112485,0.005282957138883438,-2.483952818796954
5364532,-39.32406199436764,5.553484641506381,-6.425256487719242,-13.41663646064676,13.281486777251114,-4.7660889650006,-0.8380065138618065,0.8489439339293036,-3.1471697681463775,-0.9552669681273881,0.9069708347997435,-6.482604154187126,-2.8797419338195,3.197962541042012,-0.27502391580532837,1.6468608224585086,-1.297491829081262,-1.6386180301434723,-2.5650550360316546,1.273514953435148
5367807,16.80547408207475,-2.0254364966499288,-13.023705341827926,14.158252463226008,10.500857093173266,11.765501628767565,0.9644177129012487,9.819854191593858,7.953060646181637,-5.555372448879635,-1.0730789641807141,-0.6750918337883451,-0.3136925029351449,5.785419557932216,4.0139183433851535,-3.8790432662532153,3.1803210438746192,5.095149084340201,0.18260086542087176,3.6800484301004333
5373603,-4.947626073604527,11.885523749723799,23.582048720174292,2.5226525609240658,-1.6781638040135398,-4.239134087539902,6.230512798619041,-5.134769556400925,9.103448056563332,-3.9048382251414613,-6.598939093444012,-2.805323093996003,-1.6042518959558512,0.26593180739333905,-4.15838490359956,2.02964382200671,-5.45746682508432,-1.197364959827472,-0.4193475806344229,2.398232626853783
5463682,12.652169035436044,26.290705359542606,-4.359027352728364,-8.943520095082205,6.503188211402796,0.7481265298232053,6.154290818425174,3.6492948382793755,0.48997159933762074,-4.874416087829526,-8.271278814895979,8.262210908637417,-3.774979256892299,3.828464306824467,-2.0492524321018726,-0.44346611098209465,3.583291472661079,4.324800840494703,3.923440770571967,-1.0358158704745422
12315259,-10.179316605310413,7.474154883988432,11.846212641879337,8.584489406748048,-15.30824306090692,-5.570213416032211,-0.49328147213304174,2.0106860015863606,-5.722846268283203,-0.4539588838043213,0.5649525763347685,3.437515790631429,-1.9436627742084316,3.11257591559847,6.142195551682064,-3.876229071058582,4.940669959137172,4.3026157187552245,5.9220656652872865,-2.178801434100262
